id,dam,sire
L00032,NA,NA
L00071,NA,NA
L00139,NA,NA
L00140,NA,NA
L00141,NA,NA
L00276,NA,NA
L00299,NA,NA
L00300,NA,NA
L00303,NA,NA
L00304,NA,NA
L00305,NA,NA
L00317,NA,NA
L00319,NA,NA
L00345,NA,NA
L00347,NA,NA
L00348,NA,NA
L00364,NA,NA
L00388,NA,NA
L00389,NA,NA
L00391,NA,NA
L00396,NA,NA
L00402,NA,NA
L03872,NA,NA
L04045,NA,NA
L04054,NA,NA
L04233,NA,NA
L10071,NA,NA
L10109,NA,NA
L10945,NA,NA
L11771,NA,NA
L12577,NA,NA
L13995,NA,NA
L30868,NA,NA
L32834,NA,NA
L33291,NA,NA
L33292,NA,NA
L34993,NA,NA
L34994,NA,NA
X00501,NA,NA
X00502,NA,NA
X00504,NA,NA
X00505,NA,NA
X00508,NA,NA
X00510,NA,NA
X00511,NA,NA
X00512,NA,NA
X00513,NA,NA
X00514,NA,NA
X00515,NA,NA
X00516,NA,NA
X00517,NA,NA
X00518,NA,NA
X00520,NA,NA
X00521,NA,NA
X00522,NA,NA
X00523,NA,NA
X00527,NA,NA
X00545,NA,NA
X00546,NA,NA
X00547,NA,NA
X00548,NA,NA
X00549,NA,NA
X00550,NA,NA
X00553,NA,NA
X00554,NA,NA
X00555,NA,NA
X00556,NA,NA
X00557,NA,NA
X00560,NA,NA
X00561,NA,NA
X00562,NA,NA
X00563,NA,NA
X00564,NA,NA
X00565,NA,NA
X00566,NA,NA
X00568,NA,NA
X00570,NA,NA
X00572,NA,NA
X00573,NA,NA
X00574,NA,NA
X00575,NA,NA
X00597,NA,NA
X00598,NA,NA
X00600,NA,NA
X00603,NA,NA
X00647,NA,NA
X00649,NA,NA
X00677,NA,NA
X00680,NA,NA
X00681,NA,NA
X00682,NA,NA
X00683,NA,NA
X00684,NA,NA
X00685,NA,NA
X00686,NA,NA
X00687,NA,NA
X00688,NA,NA
X00701,NA,NA
X00702,NA,NA
X00703,NA,NA
X00704,NA,NA
X00705,NA,NA
X00706,NA,NA
X00710,NA,NA
X00712,NA,NA
X00715,NA,NA
X00716,NA,NA
X00717,NA,NA
X00718,NA,NA
X00719,NA,NA
X00720,NA,NA
X00722,NA,NA
X00723,NA,NA
X00724,NA,NA
X00725,NA,NA
X00726,NA,NA
X00727,NA,NA
X00728,NA,NA
X00729,NA,NA
X00731,NA,NA
X00732,NA,NA
X00733,NA,NA
X00735,NA,NA
X00737,NA,NA
X00738,NA,NA
X00742,NA,NA
X00743,NA,NA
X00744,NA,NA
X00746,NA,NA
X00747,NA,NA
X02001,NA,NA
X02010,NA,NA
X02013,NA,NA
X02014,NA,NA
X02015,NA,NA
X02018,NA,NA
X02019,NA,NA
X02020,NA,NA
X02021,NA,NA
X02026,NA,NA
X02031,NA,NA
X02077,NA,NA
X02083,NA,NA
X02086,NA,NA
X02087,NA,NA
X02221,NA,NA
X02239,NA,NA
X02240,NA,NA
X02245,NA,NA
X02246,NA,NA
X02251,NA,NA
X02252,NA,NA
X02253,NA,NA
X02280,NA,NA
X02401,NA,NA
X03022,NA,NA
X03024,NA,NA
X03025,NA,NA
X03034,NA,NA
X03035,NA,NA
X03037,NA,NA
X03040,NA,NA
X03266,NA,NA
X03267,NA,NA
X03270,NA,NA
X03282,NA,NA
X03288,NA,NA
X03289,NA,NA
X03290,NA,NA
X03291,NA,NA
X03295,NA,NA
X03299,NA,NA
X03318,NA,NA
X03342,NA,NA
X03354,NA,NA
X03362,NA,NA
X03366,NA,NA
X03368,NA,NA
X03375,NA,NA
X03376,NA,NA
X03383,NA,NA
X03393,NA,NA
X03395,NA,NA
X03402,NA,NA
X03410,NA,NA
X03414,NA,NA
X03417,NA,NA
X03418,NA,NA
X03419,NA,NA
X03427,NA,NA
X03430,NA,NA
X03437,NA,NA
X03440,NA,NA
X03474,NA,NA
X03476,NA,NA
X03499,NA,NA
X03592,NA,NA
X03593,NA,NA
X03594,NA,NA
X03595,NA,NA
X03668,NA,NA
X04002,NA,NA
X04150,NA,NA
X04151,NA,NA
X04152,NA,NA
X04153,NA,NA
X04154,NA,NA
X04155,NA,NA
X04158,NA,NA
X04159,NA,NA
X04160,NA,NA
X04161,NA,NA
X04163,NA,NA
X04165,NA,NA
X04167,NA,NA
X04168,NA,NA
X04169,NA,NA
X04170,NA,NA
X04171,NA,NA
X04172,NA,NA
X04173,NA,NA
X04174,NA,NA
X04175,NA,NA
X04176,NA,NA
X04177,NA,NA
X04178,NA,NA
X04179,NA,NA
X04180,NA,NA
X04181,NA,NA
X04182,NA,NA
X04183,NA,NA
X04185,NA,NA
X04186,NA,NA
X04187,NA,NA
X04188,NA,NA
X04189,NA,NA
X04190,NA,NA
X04191,NA,NA
X04192,NA,NA
X04193,NA,NA
X04194,NA,NA
X04195,NA,NA
X04197,NA,NA
X04199,NA,NA
X04287,NA,NA
X04288,NA,NA
X04292,NA,NA
X04293,NA,NA
X04294,NA,NA
X04296,NA,NA
X04301,NA,NA
X04302,NA,NA
X04304,NA,NA
X04305,NA,NA
X04461,NA,NA
X04464,NA,NA
X04467,NA,NA
X04473,NA,NA
X04478,NA,NA
X04480,NA,NA
X04481,NA,NA
X04485,NA,NA
X04487,NA,NA
X04488,NA,NA
X04495,NA,NA
X04498,NA,NA
X04803,NA,NA
X04809,NA,NA
X04811,NA,NA
X04818,NA,NA
X05500,NA,NA
X05501,NA,NA
X05503,NA,NA
X05504,NA,NA
X05507,NA,NA
X05508,NA,NA
X05509,NA,NA
X05510,NA,NA
X05512,NA,NA
X05513,NA,NA
X05517,NA,NA
X05518,NA,NA
X05519,NA,NA
X05526,NA,NA
X05530,NA,NA
X05540,NA,NA
X05541,NA,NA
X05544,NA,NA
X05545,NA,NA
X05546,NA,NA
X05552,NA,NA
X05562,NA,NA
X05563,NA,NA
X05569,NA,NA
X05572,NA,NA
X05577,NA,NA
X05579,NA,NA
X05580,NA,NA
X05589,NA,NA
X05592,NA,NA
X05596,NA,NA
X05597,NA,NA
X05598,NA,NA
X05599,NA,NA
X05657,NA,NA
X05663,NA,NA
X05668,NA,NA
X05672,NA,NA
X05674,NA,NA
X05678,NA,NA
X05691,NA,NA
X05693,NA,NA
X05868,NA,NA
X05871,NA,NA
X05873,NA,NA
X05878,NA,NA
X05882,NA,NA
X05885,NA,NA
X05894,NA,NA
X05895,NA,NA
X05898,NA,NA
X05901,NA,NA
X05906,NA,NA
X05951,NA,NA
X05954,NA,NA
X05955,NA,NA
X05956,NA,NA
X05957,NA,NA
X05959,NA,NA
X05960,NA,NA
X05961,NA,NA
X05962,NA,NA
X05963,NA,NA
X05964,NA,NA
X05967,NA,NA
X05969,NA,NA
X05972,NA,NA
X05978,NA,NA
X05980,NA,NA
X05983,NA,NA
X05987,NA,NA
X05990,NA,NA
X05994,NA,NA
X05999,NA,NA
X09001,NA,NA
X09004,NA,NA
X09005,NA,NA
X09006,NA,NA
X09010,NA,NA
X09013,NA,NA
X09017,NA,NA
X09022,NA,NA
X09024,NA,NA
X09029,NA,NA
X09030,NA,NA
X09033,NA,NA
X09035,NA,NA
X09041,NA,NA
X09042,NA,NA
X09046,NA,NA
X09047,NA,NA
X09048,NA,NA
X09049,NA,NA
X09050,NA,NA
X09055,NA,NA
X09058,NA,NA
X09060,NA,NA
X09061,NA,NA
X09069,NA,NA
X09070,NA,NA
X09074,NA,NA
X09075,NA,NA
X09079,NA,NA
X09082,NA,NA
X09087,NA,NA
X09089,NA,NA
X09090,NA,NA
X09093,NA,NA
X09094,NA,NA
X09097,NA,NA
X09118,NA,NA
X09119,NA,NA
X09120,NA,NA
X09121,NA,NA
X09125,NA,NA
X09127,NA,NA
X09128,NA,NA
X09129,NA,NA
X09149,NA,NA
X09153,NA,NA
X09156,NA,NA
X09161,NA,NA
X09170,NA,NA
X09171,NA,NA
X09174,NA,NA
X09183,NA,NA
X09186,NA,NA
X09190,NA,NA
X09191,NA,NA
X09195,NA,NA
X09198,NA,NA
X09199,NA,NA
X09200,NA,NA
X09201,NA,NA
X09202,NA,NA
X09203,NA,NA
X09204,NA,NA
X09205,NA,NA
X09206,NA,NA
X09207,NA,NA
X09209,NA,NA
X09210,NA,NA
X09213,NA,NA
X09214,NA,NA
X09215,NA,NA
X09217,NA,NA
X09218,NA,NA
X09219,NA,NA
X09220,NA,NA
X09221,NA,NA
X09223,NA,NA
X09224,NA,NA
X09225,NA,NA
X09227,NA,NA
X09228,NA,NA
X09229,NA,NA
X09231,NA,NA
X09237,NA,NA
X09238,NA,NA
X09239,NA,NA
X09240,NA,NA
X09241,NA,NA
X09242,NA,NA
X09243,NA,NA
X09246,NA,NA
X09247,NA,NA
X09248,NA,NA
X09249,NA,NA
X09250,NA,NA
X09251,NA,NA
X09254,NA,NA
X09258,NA,NA
X09259,NA,NA
X09260,NA,NA
X09264,NA,NA
X09266,NA,NA
X09267,NA,NA
X09268,NA,NA
X09269,NA,NA
X09270,NA,NA
X09273,NA,NA
X09274,NA,NA
X09278,NA,NA
X09279,NA,NA
X09280,NA,NA
X09283,NA,NA
X09284,NA,NA
X09285,NA,NA
X09287,NA,NA
X09288,NA,NA
X09289,NA,NA
X09290,NA,NA
X09292,NA,NA
X09296,NA,NA
X09297,NA,NA
X09300,NA,NA
X09310,NA,NA
X09313,NA,NA
X09315,NA,NA
X09316,NA,NA
X09320,NA,NA
X09328,NA,NA
X09332,NA,NA
X09335,NA,NA
X09338,NA,NA
X09342,NA,NA
X09349,NA,NA
X09356,NA,NA
X09358,NA,NA
X09365,NA,NA
X09370,NA,NA
X09373,NA,NA
X09383,NA,NA
X09390,NA,NA
X09395,NA,NA
X09399,NA,NA
X09400,NA,NA
X09405,NA,NA
X09407,NA,NA
X09408,NA,NA
X09442,NA,NA
X09443,NA,NA
X09444,NA,NA
X09445,NA,NA
X09446,NA,NA
X09447,NA,NA
X09448,NA,NA
X09450,NA,NA
X09452,NA,NA
X09453,NA,NA
X09454,NA,NA
X09455,NA,NA
X09456,NA,NA
X09459,NA,NA
X09460,NA,NA
X09461,NA,NA
X09465,NA,NA
X09466,NA,NA
X09470,NA,NA
X09473,NA,NA
X09474,NA,NA
X09477,NA,NA
X09478,NA,NA
X09481,NA,NA
X09485,NA,NA
X09488,NA,NA
X09489,NA,NA
X09491,NA,NA
X09492,NA,NA
X09493,NA,NA
X09494,NA,NA
X09495,NA,NA
X09496,NA,NA
X09498,NA,NA
X09499,NA,NA
X09503,NA,NA
X09506,NA,NA
X09508,NA,NA
X09509,NA,NA
X09511,NA,NA
X09513,NA,NA
X09516,NA,NA
X09517,NA,NA
X09518,NA,NA
X09519,NA,NA
X09524,NA,NA
X09528,NA,NA
X09529,NA,NA
X09532,NA,NA
X09536,NA,NA
X09540,NA,NA
X09542,NA,NA
X09543,NA,NA
X09544,NA,NA
X09545,NA,NA
X09546,NA,NA
X09547,NA,NA
X09560,NA,NA
X09569,NA,NA
X09572,NA,NA
X09579,NA,NA
X09580,NA,NA
X09584,NA,NA
X09588,NA,NA
X09592,NA,NA
X09640,NA,NA
X09641,NA,NA
X09642,NA,NA
X09645,NA,NA
X09646,NA,NA
X09648,NA,NA
X09650,NA,NA
X09659,NA,NA
X09660,NA,NA
X09664,NA,NA
X09667,NA,NA
X09670,NA,NA
X09676,NA,NA
X09677,NA,NA
X09681,NA,NA
X09684,NA,NA
X09685,NA,NA
X09688,NA,NA
X09689,NA,NA
X09691,NA,NA
X09693,NA,NA
X09694,NA,NA
X09696,NA,NA
X09699,NA,NA
X09710,NA,NA
X09713,NA,NA
X09716,NA,NA
X09721,NA,NA
X09723,NA,NA
X09725,NA,NA
X09727,NA,NA
X09730,NA,NA
X09738,NA,NA
X09739,NA,NA
X09740,NA,NA
X09741,NA,NA
X09742,NA,NA
X09746,NA,NA
X09750,NA,NA
X09751,NA,NA
X09752,NA,NA
X09756,NA,NA
X09757,NA,NA
X09758,NA,NA
X09759,NA,NA
X09760,NA,NA
X09763,NA,NA
X09764,NA,NA
X09765,NA,NA
X09766,NA,NA
X09769,NA,NA
X09771,NA,NA
X09776,NA,NA
X09778,NA,NA
X09779,NA,NA
X09782,NA,NA
X09791,NA,NA
X09792,NA,NA
X09793,NA,NA
X09796,NA,NA
X09798,NA,NA
X09913,NA,NA
X09916,NA,NA
X09917,NA,NA
X09918,NA,NA
X09919,NA,NA
X09920,NA,NA
X09922,NA,NA
X09926,NA,NA
X09927,NA,NA
X09930,NA,NA
X09931,NA,NA
X09936,NA,NA
X09955,NA,NA
X10030,NA,NA
X10031,NA,NA
X10032,NA,NA
X10033,NA,NA
X10035,NA,NA
X10036,NA,NA
X10037,NA,NA
X10038,NA,NA
X10066,NA,NA
X10068,NA,NA
X10070,NA,NA
X10071,NA,NA
X10074,NA,NA
X10075,NA,NA
X10076,NA,NA
X10079,NA,NA
X10080,NA,NA
X10081,NA,NA
X10082,NA,NA
X10084,NA,NA
X10093,NA,NA
X10095,NA,NA
X10215,NA,NA
X10220,NA,NA
X10227,NA,NA
X10232,NA,NA
X10235,NA,NA
X10247,NA,NA
X10250,NA,NA
X10268,NA,NA
X10272,NA,NA
X10344,NA,NA
X10348,NA,NA
X10352,NA,NA
X10353,NA,NA
X10360,NA,NA
X10364,NA,NA
X10488,NA,NA
X10500,NA,NA
X10506,NA,NA
X10507,NA,NA
X10508,NA,NA
X10511,NA,NA
X10514,NA,NA
X10515,NA,NA
X10518,NA,NA
X10530,NA,NA
X10533,NA,NA
X10534,NA,NA
X10539,NA,NA
X10543,NA,NA
X10546,NA,NA
X10549,NA,NA
X10550,NA,NA
X10553,NA,NA
X10557,NA,NA
X10559,NA,NA
X10566,NA,NA
X10567,NA,NA
X10571,NA,NA
X10574,NA,NA
X10576,NA,NA
X10579,NA,NA
X10583,NA,NA
X10586,NA,NA
X10595,NA,NA
X10599,NA,NA
X10602,NA,NA
X10607,NA,NA
X10608,NA,NA
X10620,NA,NA
X10643,NA,NA
X10646,NA,NA
X10647,NA,NA
X10650,NA,NA
X10651,NA,NA
X10655,NA,NA
X10660,NA,NA
X10662,NA,NA
X10671,NA,NA
X10677,NA,NA
X10678,NA,NA
X10686,NA,NA
X10687,NA,NA
X10689,NA,NA
X10692,NA,NA
X10770,NA,NA
X10781,NA,NA
X10785,NA,NA
X10802,NA,NA
X10808,NA,NA
X10810,NA,NA
X10820,NA,NA
X10847,NA,NA
X10853,NA,NA
X10855,NA,NA
X10856,NA,NA
X10860,NA,NA
X10864,NA,NA
X10868,NA,NA
X10869,NA,NA
X10870,NA,NA
X10892,NA,NA
X10900,NA,NA
X10905,NA,NA
X10906,NA,NA
X10917,NA,NA
X10933,NA,NA
X10934,NA,NA
X10940,NA,NA
X10941,NA,NA
X10942,NA,NA
X10947,NA,NA
X10951,NA,NA
X10952,NA,NA
X10958,NA,NA
X10962,NA,NA
X10969,NA,NA
X10972,NA,NA
X10973,NA,NA
X10976,NA,NA
X10978,NA,NA
X10979,NA,NA
X10983,NA,NA
X10994,NA,NA
X10997,NA,NA
X11001,NA,NA
X11002,NA,NA
X11003,NA,NA
X11006,NA,NA
X11010,NA,NA
X11012,NA,NA
X11013,NA,NA
X11022,NA,NA
X11028,NA,NA
X11031,NA,NA
X11033,NA,NA
X11042,NA,NA
X11060,NA,NA
X11118,NA,NA
X11121,NA,NA
X11127,NA,NA
X11129,NA,NA
X11130,NA,NA
X11150,NA,NA
X11153,NA,NA
X11156,NA,NA
X11158,NA,NA
X11161,NA,NA
X11172,NA,NA
X11173,NA,NA
X11176,NA,NA
X11184,NA,NA
X11188,NA,NA
X11189,NA,NA
X11202,NA,NA
X11215,NA,NA
X11227,NA,NA
X11252,NA,NA
X11258,NA,NA
X11264,NA,NA
X11271,NA,NA
X11274,NA,NA
X11296,NA,NA
X11307,NA,NA
X11313,NA,NA
X11316,NA,NA
X11322,NA,NA
X11326,NA,NA
X11328,NA,NA
X11329,NA,NA
X11345,NA,NA
X11358,NA,NA
X11365,NA,NA
X11366,NA,NA
X11381,NA,NA
X11390,NA,NA
X11393,NA,NA
X11404,NA,NA
X11429,NA,NA
X11456,NA,NA
X11461,NA,NA
X11473,NA,NA
X11542,NA,NA
X11543,NA,NA
X11548,NA,NA
X11559,NA,NA
X11561,NA,NA
X11562,NA,NA
X11565,NA,NA
X11566,NA,NA
X11573,NA,NA
X11579,NA,NA
X11588,NA,NA
X11622,NA,NA
X11626,NA,NA
X11627,NA,NA
X11639,NA,NA
X11647,NA,NA
X11657,NA,NA
X11662,NA,NA
X11663,NA,NA
X11682,NA,NA
X11692,NA,NA
X11700,NA,NA
X11703,NA,NA
X11734,NA,NA
X11737,NA,NA
X11745,NA,NA
X11776,NA,NA
X11816,NA,NA
X11821,NA,NA
X11826,NA,NA
X11880,NA,NA
X11894,NA,NA
X11942,NA,NA
X11952,NA,NA
X11990,NA,NA
X11997,NA,NA
X12065,NA,NA
X12073,NA,NA
X12075,NA,NA
X12114,NA,NA
X12156,NA,NA
X12160,NA,NA
X12162,NA,NA
X12165,NA,NA
X12172,NA,NA
X12175,NA,NA
X12206,NA,NA
X12217,NA,NA
X12218,NA,NA
X12224,NA,NA
X12225,NA,NA
X12226,NA,NA
X12229,NA,NA
X12234,NA,NA
X12235,NA,NA
X12239,NA,NA
X12240,NA,NA
X12243,NA,NA
X12244,NA,NA
X12247,NA,NA
X12262,NA,NA
X12263,NA,NA
X12265,NA,NA
X12266,NA,NA
X12272,NA,NA
X12299,NA,NA
X12311,NA,NA
X12337,NA,NA
X12354,NA,NA
X12362,NA,NA
X12380,NA,NA
X12398,NA,NA
X12403,NA,NA
X12405,NA,NA
X12411,NA,NA
X12413,NA,NA
X12414,NA,NA
X12416,NA,NA
X12420,NA,NA
X12421,NA,NA
X12422,NA,NA
X12423,NA,NA
X12424,NA,NA
X12426,NA,NA
X12427,NA,NA
X12430,NA,NA
X12438,NA,NA
X12439,NA,NA
X12443,NA,NA
X12478,NA,NA
X12481,NA,NA
X12522,NA,NA
X12523,NA,NA
X12571,NA,NA
X12644,NA,NA
X12678,NA,NA
X12714,NA,NA
X12742,NA,NA
X12753,NA,NA
X12776,NA,NA
X12794,NA,NA
X13018,NA,NA
X16007,NA,NA
X16011,NA,NA
X16022,NA,NA
X16024,NA,NA
X16025,NA,NA
X16047,NA,NA
X16049,NA,NA
X16059,NA,NA
X16061,NA,NA
X16112,NA,NA
X16166,NA,NA
X16220,NA,NA
X16221,NA,NA
X16223,NA,NA
X16231,NA,NA
X16239,NA,NA
X16240,NA,NA
X16244,NA,NA
X16250,NA,NA
X16349,NA,NA
X16350,NA,NA
X16351,NA,NA
X16643,NA,NA
X16648,NA,NA
X16705,NA,NA
X16720,NA,NA
X16867,NA,NA
X16872,NA,NA
X16996,NA,NA
X17009,NA,NA
X17018,NA,NA
X17022,NA,NA
X17035,NA,NA
X17043,NA,NA
X17045,NA,NA
X17053,NA,NA
X17068,NA,NA
X17069,NA,NA
X17071,NA,NA
X17073,NA,NA
X17076,NA,NA
X17077,NA,NA
X17084,NA,NA
X17087,NA,NA
X17096,NA,NA
X17120,NA,NA
X17135,NA,NA
X17139,NA,NA
X17144,NA,NA
X17168,NA,NA
X17192,NA,NA
X17209,NA,NA
X17213,NA,NA
X17217,NA,NA
X17250,NA,NA
X17268,NA,NA
X17279,NA,NA
X17315,NA,NA
X17366,NA,NA
X17373,NA,NA
X17374,NA,NA
X17375,NA,NA
X17381,NA,NA
X17399,NA,NA
X17400,NA,NA
X17406,NA,NA
X17407,NA,NA
X17436,NA,NA
X17450,NA,NA
X17470,NA,NA
X17471,NA,NA
X17472,NA,NA
X17473,NA,NA
X17480,NA,NA
X17482,NA,NA
X17487,NA,NA
X17499,NA,NA
X17507,NA,NA
X17508,NA,NA
X17511,NA,NA
X17520,NA,NA
X17521,NA,NA
X17522,NA,NA
X17523,NA,NA
X17528,NA,NA
X17534,NA,NA
X17540,NA,NA
X17542,NA,NA
X17549,NA,NA
X17550,NA,NA
X17558,NA,NA
X17560,NA,NA
X17574,NA,NA
X17599,NA,NA
X17615,NA,NA
X17626,NA,NA
X17645,NA,NA
X17647,NA,NA
X17648,NA,NA
X17649,NA,NA
X17651,NA,NA
X17730,NA,NA
X17764,NA,NA
X17798,NA,NA
X19119,NA,NA
X19122,NA,NA
X19157,NA,NA
X19203,NA,NA
X19208,NA,NA
X19215,NA,NA
X19223,NA,NA
X19225,NA,NA
X19232,NA,NA
X19233,NA,NA
X19234,NA,NA
X19247,NA,NA
X19249,NA,NA
X19250,NA,NA
X19333,NA,NA
X19399,NA,NA
X19404,NA,NA
X19529,NA,NA
X19540,NA,NA
X19690,NA,NA
X19734,NA,NA
X19738,NA,NA
X19749,NA,NA
X19765,NA,NA
X19776,NA,NA
X19852,NA,NA
X19853,NA,NA
X19854,NA,NA
X19855,NA,NA
X19859,NA,NA
X19875,NA,NA
X19884,NA,NA
X19885,NA,NA
X19897,NA,NA
X19909,NA,NA
X19971,NA,NA
X19990,NA,NA
X19991,NA,NA
X19992,NA,NA
X19993,NA,NA
X30916,NA,NA
X32005,NA,NA
X32043,NA,NA
X32048,NA,NA
X32049,NA,NA
X32390,NA,NA
X32412,NA,NA
X32414,NA,NA
X32416,NA,NA
X32418,NA,NA
X32419,NA,NA
X32431,NA,NA
X32448,NA,NA
X32484,NA,NA
X32899,NA,NA
X32951,NA,NA
X32954,NA,NA
X32957,NA,NA
X32975,NA,NA
X32976,NA,NA
X33040,NA,NA
X33112,NA,NA
X33145,NA,NA
X33154,NA,NA
X33186,NA,NA
X33196,NA,NA
X33202,NA,NA
X33203,NA,NA
X33205,NA,NA
X33240,NA,NA
X33242,NA,NA
X33276,NA,NA
X33278,NA,NA
X33365,NA,NA
X33367,NA,NA
X33379,NA,NA
X33382,NA,NA
X33385,NA,NA
X33406,NA,NA
X33431,NA,NA
X33457,NA,NA
X33502,NA,NA
X33565,NA,NA
X33591,NA,NA
X33613,NA,NA
X33623,NA,NA
X33628,NA,NA
X33630,NA,NA
X33637,NA,NA
X33685,NA,NA
X33691,NA,NA
X33704,NA,NA
X33708,NA,NA
X33729,NA,NA
X33742,NA,NA
X33766,NA,NA
X33773,NA,NA
X33777,NA,NA
X33787,NA,NA
X33790,NA,NA
X33797,NA,NA
X33805,NA,NA
X35591,NA,NA
X35592,NA,NA
X35593,NA,NA
X37037,NA,NA
X37050,NA,NA
X37059,NA,NA
Z00016,NA,NA
Z00021,NA,NA
X17572,NA,NA
X17573,NA,NA
L04486,X09061,NA
L04929,X09453,NA
L11685,X10646,NA
X00507,X00508,NA
X00551,X00550,NA
X00552,X00550,NA
X00558,X00557,NA
X00559,X00557,NA
X00567,X00566,NA
X00569,X00566,NA
X00605,X00701,NA
X00648,X00702,NA
X00676,X00726,NA
X00679,X00729,NA
X00689,X00701,NA
X00691,X00603,NA
X00692,X00703,NA
X00693,X00703,NA
X00694,X00649,NA
X00695,X00649,NA
X00721,X00722,NA
X00730,X00729,NA
X00734,X00735,NA
X00736,X00735,NA
X00741,X00702,NA
X02008,X02010,NA
X02009,X02010,NA
X02012,X02013,NA
X02016,X02018,NA
X02017,X02018,NA
X02223,X02221,NA
X02244,X10864,NA
X02279,X09955,NA
X03019,X09513,NA
X03031,X02245,NA
X03041,X10969,NA
X03252,X02077,NA
X03269,X09094,NA
X03304,X09332,NA
X03305,X09310,NA
X03308,X10567,X10032
X03325,X05597,NA
X03327,X09342,X05657
X03328,X09342,X05657
X03331,X12247,X09579
X03335,NA,X12073
X03353,X00520,NA
X03355,X09242,X05500
X03361,X00547,NA
X03367,X05563,X12262
X03369,X10534,NA
X03370,X11130,X09677
X03384,X03383,NA
X03387,X09696,NA
X03394,X11682,NA
X03396,X12247,X09284
X03397,X11003,NA
X03398,X09536,X04192
X03400,X12247,X09284
X03401,X10567,NA
X03403,X11316,NA
X03405,X12206,X04192
X03408,X09269,X04188
X03424,X09118,X11561
X03425,X09118,X11561
X03431,X09798,NA
X03432,X05972,NA
X03435,X12380,X10508
X03445,X10781,NA
X03447,X05693,X12073
X03451,X12337,NA
X03462,X12776,X12423
X03469,X04189,X11328
X03481,X10514,NA
X03482,X10678,NA
X03484,X12571,X10983
X03486,X10220,NA
X03494,X09491,NA
X03495,X17730,NA
X04198,NA,X09069
X04291,X02245,NA
X04295,NA,X09740
X04297,NA,X10892
X04303,X04302,NA
X04462,X04461,NA
X04465,X04464,NA
X04466,X04464,NA
X04468,X04467,NA
X04469,X04467,NA
X04470,X05519,NA
X04471,X00647,NA
X04472,X00647,NA
X04474,X04473,NA
X04475,X04473,NA
X04476,X02019,NA
X04477,X02019,NA
X04479,X10068,NA
X04486,NA,X09544
X04491,L03872,NA
X04496,X04495,NA
X04497,X04495,NA
X04499,X04498,NA
X04802,X04803,NA
X04810,X09365,NA
X04819,X04818,NA
X05506,X05987,NA
X05514,X05513,NA
X05529,X09746,NA
X05542,X05541,NA
X05543,X05541,NA
X05547,X05546,NA
X05564,NA,X10035
X05573,NA,X10082
X05588,X09171,X10933
X05594,X05580,NA
X05659,X05563,NA
X05664,X02077,NA
X05666,X04467,NA
X05675,NA,X11404
X05677,X11031,X09495
X05684,X10583,NA
X05685,NA,X10574
X05865,X00505,NA
X05866,X00505,NA
X05867,X00505,NA
X05869,X05868,NA
X05870,X05868,NA
X05872,X05871,NA
X05874,X05873,NA
X05875,X05873,NA
X05876,X00598,NA
X05877,X00598,NA
X05879,X05878,NA
X05880,X05878,NA
X05881,X05878,NA
X05883,X05882,NA
X05884,X05882,NA
X05886,X05885,NA
X05887,X05885,NA
X05888,X05885,NA
X05891,X02401,NA
X05892,X02401,NA
X05893,X02401,NA
X05896,X05895,NA
X05897,X05895,NA
X05899,X05898,NA
X05900,X05898,NA
X05902,X05901,NA
X05903,X05901,NA
X05905,X00719,NA
X05907,X05906,NA
X05908,X05906,NA
X05952,X05951,NA
X05953,X05951,NA
X05958,X05957,NA
X05965,X05964,NA
X05966,X05964,NA
X05968,X05967,NA
X05970,X05969,NA
X05971,X05969,NA
X05973,X05972,NA
X05977,X05978,NA
X05979,X05978,NA
X05981,X05980,NA
X05982,X05980,NA
X05984,X05983,NA
X05985,X05983,NA
X05986,L03872,NA
X05988,X05987,NA
X05989,X05987,NA
X05991,X05990,NA
X05992,X05990,NA
X05993,X05994,NA
X05995,X05994,NA
X05996,X04803,NA
X05997,X04803,NA
X05998,X04803,NA
X09002,X09001,NA
X09003,X09001,NA
X09007,X09006,NA
X09008,X09006,NA
X09011,X05999,NA
X09012,X05999,NA
X09014,X09013,NA
X09015,X09013,NA
X09016,X09013,NA
X09018,X09017,NA
X09019,X09017,NA
X09020,X04485,NA
X09021,X04485,NA
X09023,X09022,NA
X09025,X09024,NA
X09026,X09024,NA
X09027,X09029,NA
X09028,X09029,X10855
X09031,X09030,NA
X09032,X09030,NA
X09034,X09033,NA
X09036,X09035,X03035
X09037,X04160,NA
X09039,X00520,NA
X09040,X00520,NA
X09043,X09042,NA
X09044,X09042,NA
X09045,X10571,NA
X09051,X09050,NA
X09052,X09050,NA
X09054,X03024,NA
X09056,X09055,NA
X09057,X09055,NA
X09059,X09913,NA
X09062,X09061,NA
X09063,X03040,NA
X09064,X03040,NA
X09066,X02020,NA
X09067,X02020,NA
X09068,X02020,NA
X09071,X09070,NA
X09077,X04818,NA
X09078,X04818,NA
X09084,X02031,NA
X09088,X11130,NA
X09091,X09090,NA
X09092,X04302,NA
X09095,X11130,NA
X09096,X09782,NA
X09126,NA,X04186
X09139,X02077,NA
X09140,X02077,NA
X09141,X02077,NA
X09151,X02013,NA
X09152,X02013,NA
X09154,X09153,NA
X09155,X09153,NA
X09159,X09006,NA
X09160,X09006,NA
X09162,X09161,NA
X09163,X09161,NA
X09164,X09010,NA
X09165,X09010,NA
X09166,X05541,NA
X09167,X05541,NA
X09168,X09170,NA
X09169,X09170,NA
X09172,X09171,NA
X09173,X09171,NA
X09175,X09174,NA
X09176,X05871,NA
X09177,X05871,NA
X09178,X05885,NA
X09179,X05885,NA
X09180,X05885,NA
X09181,X05885,NA
X09182,X05895,NA
X09184,X09183,NA
X09185,X09183,NA
X09187,X09186,NA
X09188,X09190,NA
X09189,X09190,NA
X09193,X05967,NA
X09194,X05967,NA
X09196,X09195,NA
X09197,X09195,NA
X09211,X05546,NA
X09212,X05546,NA
X09216,X10272,NA
X09222,X09221,NA
X09232,X09231,NA
X09233,X09231,NA
X09236,X09055,NA
X09244,X09243,NA
X09245,X09243,NA
X09252,X00547,NA
X09255,X05501,NA
X09261,X00510,NA
X09262,X00505,NA
X09263,X00505,NA
X09265,NA,X00704
X09275,X09274,NA
X09276,X00738,NA
X09277,X00738,NA
X09281,X16024,NA
X09286,X10571,NA
X09291,X11997,NA
X09293,X09004,X09495
X09294,X09004,NA
X09295,X09297,NA
X09298,X09297,NA
X09302,X05552,NA
X09303,X05552,NA
X09304,X11461,NA
X09308,X03022,NA
X09309,X03022,NA
X09311,X09310,NA
X09314,X09313,NA
X09317,X09316,NA
X09318,X09316,NA
X09321,X09320,NA
X09322,X09320,NA
X09323,X09055,NA
X09324,X04498,NA
X09325,X04498,X11215
X09326,X09258,NA
X09329,X09258,NA
X09330,X09090,NA
X09331,X09090,NA
X09333,X09332,NA
X09334,X09332,NA
X09336,X09335,NA
X09337,X09335,NA
X09339,X09338,NA
X09343,X09342,NA
X09344,X09342,NA
X09345,X05980,NA
X09346,X05980,NA
X09350,X03040,NA
X09351,X03040,NA
X09352,X05513,NA
X09353,X10071,NA
X09357,X09356,NA
X09359,X04179,NA
X09360,X00520,NA
X09363,X09050,NA
X09364,X09050,NA
X09366,X09365,NA
X09367,X09365,NA
X09368,X05955,NA
X09369,X05955,NA
X09371,X09370,NA
X09372,X09370,NA
X09374,X09373,NA
X09375,X09373,NA
X09376,X09373,NA
X09377,X09260,NA
X09378,X09260,NA
X09379,X09260,NA
X09380,X10969,NA
X09384,X09383,NA
X09385,X09383,NA
X09386,X09156,NA
X09388,X00510,NA
X09389,X00510,NA
X09391,X09390,NA
X09392,X09190,NA
X09393,X09190,NA
X09394,X09190,NA
X09396,X09395,NA
X09397,X09395,NA
X09398,X09395,NA
X09406,X04189,X09918
X09409,X09408,X00704
X09457,X09456,NA
X09464,X09017,NA
X09467,X09466,NA
X09468,X09466,NA
X09471,X09470,NA
X09475,X09474,NA
X09476,X09474,NA
X09480,X10235,NA
X09482,X00556,NA
X09484,X05562,NA
X09486,X09485,NA
X09487,X09485,NA
X09490,X09489,NA
X09500,X04467,NA
X09504,X09503,NA
X09505,X09503,NA
X09512,X11473,NA
X09514,X09513,NA
X09515,X09513,NA
X09520,X09010,NA
X09521,X09010,NA
X09522,X10997,NA
X09525,X09524,NA
X09526,X09524,NA
X09527,X09592,NA
X09530,X09529,X04173
X09531,X09529,NA
X09533,X09532,NA
X09534,X09532,NA
X09535,X09696,X10934
X09537,X09536,NA
X09538,X05999,NA
X09539,X05999,NA
X09549,X05895,NA
X09550,X09030,NA
X09551,X09030,NA
X09555,X00520,NA
X09556,X00520,NA
X09558,X00520,X11033
X09559,X05895,NA
X09561,X09560,NA
X09562,X09560,NA
X09564,X02240,X09677
X09565,X02240,X09677
X09566,X02240,NA
X09570,X09274,NA
X09571,X09274,NA
X09573,X09572,X16223
X09574,X09572,X16223
X09575,X09328,NA
X09576,X09328,NA
X09577,X05519,NA
X09578,X05519,NA
X09581,X09580,NA
X09585,X09584,NA
X09589,X09022,NA
X09590,X09478,NA
X09591,X09478,NA
X09593,X09592,NA
X09594,X09592,NA
X09595,X09592,NA
X09597,X02401,NA
X09598,X02401,NA
X09599,X02401,NA
X09643,X09642,NA
X09644,X09642,NA
X09661,X04467,NA
X09665,NA,X09778
X09673,X10549,NA
X09674,X09454,NA
X09675,X09454,NA
X09682,X09681,NA
X09683,X09681,NA
X09687,X04199,NA
X09695,L10071,NA
X09697,X09696,NA
X09698,X09696,X10033
X09700,X02031,NA
X09701,X02031,NA
X09702,X05540,NA
X09711,X09710,NA
X09712,X09710,NA
X09714,X09713,NA
X09715,X09713,NA
X09726,X09725,NA
X09743,X09742,NA
X09744,X09742,NA
X09745,X09470,NA
X09747,X09746,NA
X09748,X09746,NA
X09749,X12337,NA
X09755,X12337,NA
X09767,X03282,NA
X09768,X03282,NA
X09772,NA,X00704
X09773,X10997,NA
X09774,X16007,NA
X09775,X16007,NA
X09780,X04302,NA
X09781,X04302,NA
X09783,X09782,NA
X09785,X09297,NA
X09790,X10571,X11118
X09794,X09793,NA
X09914,X09913,NA
X09928,X09927,NA
X09932,X09931,NA
X09933,X09931,NA
X09935,X05969,NA
X09937,X05589,NA
X09939,X04168,NA
X10034,NA,X09579
X10039,X10549,X11328
X10058,X10539,NA
X10064,X05512,NA
X10065,X05512,NA
X10067,X10066,NA
X10069,X10068,X09699
X10072,X05501,NA
X10078,X05580,NA
X10083,X09041,NA
X10086,X09328,NA
X10087,X09328,NA
X10090,X02077,NA
X10091,X02077,NA
X10092,X02077,NA
X10097,X09560,NA
X10195,X03267,X09579
X10200,X11942,NA
X10201,X09213,NA
X10203,X00520,NA
X10205,X09097,NA
X10206,X04183,NA
X10207,X09365,NA
X10208,X09365,NA
X10209,X09524,NA
X10212,X02026,NA
X10214,X10571,NA
X10221,X10220,NA
X10222,X10220,NA
X10223,X09024,NA
X10224,X09024,NA
X10225,X09258,NA
X10226,X09258,NA
X10228,X10227,X11328
X10229,X10227,NA
X10230,X05589,X09778
X10231,X05589,X09778
X10233,X10232,NA
X10234,X10232,NA
X10236,X10235,NA
X10240,X05978,NA
X10241,X05978,NA
X10242,X09022,NA
X10244,X09536,NA
X10245,X09536,NA
X10246,X09536,NA
X10248,X10247,NA
X10249,X10247,NA
X10251,X10250,NA
X10252,X10250,NA
X10253,X00547,NA
X10254,X00547,NA
X10255,X09328,NA
X10258,NA,X05500
X10260,X11390,NA
X10263,X09503,X10660
X10264,X09503,X10660
X10269,X10268,NA
X10270,X09592,NA
X10271,X09592,NA
X10273,X10272,NA
X10343,X10272,NA
X10347,X12311,X11022
X10349,X09395,NA
X10350,X05562,NA
X10354,NA,X05500
X10356,X12175,NA
X10359,X04160,X11215
X10361,X10360,NA
X10365,X10364,NA
X10366,X10364,NA
X10480,X02026,X10344
X10486,X16024,NA
X10487,X16024,NA
X10489,X10488,X03035
X10496,X09267,NA
X10497,X09153,NA
X10501,X09332,NA
X10503,X09297,NA
X10509,X10997,X09640
X10516,X10515,NA
X10519,X09310,NA
X10522,X10586,NA
X10525,X09696,NA
X10531,X10530,NA
X10532,X10530,NA
X10535,X10534,NA
X10537,X10583,NA
X10540,X10539,NA
X10542,X10549,NA
X10544,X10543,NA
X10547,X10546,NA
X10548,X05572,NA
X10552,X10550,NA
X10554,X03282,NA
X10555,X03282,NA
X10558,X10557,NA
X10565,X10802,NA
X10568,X10232,X10084
X10569,X09022,X09093
X10570,X10272,X09918
X10572,X10571,NA
X10573,X10571,NA
X10575,X09913,NA
X10577,X10576,NA
X10578,X10576,NA
X10581,X05878,NA
X10582,X05878,NA
X10584,X10583,NA
X10585,X10583,NA
X10587,X10586,NA
X10589,X04183,NA
X10590,X04183,X10033
X10591,X04183,X10033
X10598,X05878,NA
X10601,X09316,X04154
X10611,X04809,NA
X10612,X04809,NA
X10613,X09370,NA
X10614,X10785,NA
X10616,X09955,NA
X10617,X02240,NA
X10622,X09474,NA
X10624,X05980,NA
X10625,X05980,NA
X10626,X09572,NA
X10627,X09572,NA
X10629,X05563,NA
X10630,X05563,NA
X10631,X09022,NA
X10632,X03037,NA
X10636,X03288,NA
X10638,X09742,NA
X10639,X09742,NA
X10642,X04189,NA
X10648,X10647,NA
X10657,X09756,NA
X10658,X09756,NA
X10663,X10662,X10952
X10666,X05512,NA
X10668,X09153,NA
X10672,X09094,NA
X10675,NA,X09508
X10676,X05563,NA
X10679,X10678,X09540
X10684,X09474,NA
X10690,X09955,NA
X10691,X10272,NA
X10756,X09264,NA
X10757,X09264,NA
X10758,X09041,X10081
X10759,X09041,NA
X10762,X09269,NA
X10763,X09269,NA
X10766,X12644,NA
X10769,X09470,NA
X10771,X10770,X10933
X10772,X10770,NA
X10773,X10770,X10933
X10776,X09524,NA
X10777,X09524,NA
X10778,X10646,X11118
X10782,X10781,X05530
X10783,X10781,X05530
X10784,X10781,NA
X10786,X10785,NA
X10787,X10785,NA
X10788,X10785,NA
X10795,X00510,NA
X10796,X00510,NA
X10798,X09492,NA
X10799,X12644,NA
X10803,X10802,NA
X10804,X05990,X10940
X10805,X05990,X10940
X10806,X05990,NA
X10809,X10808,NA
X10811,X10810,NA
X10812,X10810,NA
X10817,X05501,NA
X10821,X10820,NA
X10822,X04168,NA
X10823,X04168,NA
X10824,X09030,NA
X10825,X09030,NA
X10827,X09395,NA
X10828,X09395,NA
X10832,X09310,NA
X10833,X10687,NA
X10834,X10687,NA
X10835,X10687,NA
X10836,X10599,NA
X10837,X10599,NA
X10838,X10599,NA
X10841,X09373,NA
X10842,X10689,NA
X10859,X09171,X10917
X10865,X10864,X09579
X10867,X12247,X09579
X10873,X05956,NA
X10874,X05956,NA
X10875,X05956,NA
X10876,X11390,NA
X10879,X09466,NA
X10883,X09153,X05530
X10884,X09153,X05530
X10885,X09153,X05530
X10887,X12311,NA
X10888,X09407,NA
X10889,X09407,NA
X10895,X10969,NA
X10897,X10864,NA
X10901,X10900,NA
X10902,X10900,NA
X10903,X10900,X12439
X10907,X04195,NA
X10909,X10687,NA
X10910,X02240,NA
X10911,X02240,NA
X10913,X09296,NA
X10914,X09296,NA
X10916,X09454,NA
X10919,X10232,NA
X10920,X05562,X16047
X10923,X03267,X09460
X10935,NA,X03035
X10936,X10566,NA
X10939,NA,X02280
X10944,X03037,NA
X10950,X05999,NA
X10953,NA,X10602
X10957,X03267,X09579
X10963,X10962,NA
X10964,X10962,NA
X10966,NA,X11404
X10968,X05882,NA
X10970,X10969,NA
X10971,NA,X11381
X10975,X04296,NA
X10977,X10810,NA
X10980,X10979,NA
X10981,X10979,NA
X10984,X03037,NA
X10987,X00556,X09740
X10990,X09001,NA
X10992,X16049,X16047
X10993,X16049,X16047
X10995,X10994,X12262
X10996,X10994,X12262
X10998,X10997,NA
X10999,X10997,NA
X11004,X11003,NA
X11005,X11003,NA
X11014,X11013,NA
X11015,X10969,NA
X11017,X09370,NA
X11018,X04495,NA
X11020,X10488,X04151
X11027,X09365,NA
X11037,X05990,NA
X11038,X09913,NA
X11039,X10515,NA
X11043,X09097,NA
X11044,X09097,NA
X11050,X10220,NA
X11057,X09746,NA
X11058,X09746,NA
X11059,X09746,NA
X11061,X05978,NA
X11063,X09328,NA
X11064,X09328,NA
X11069,X10235,X11033
X11070,X04818,X10933
X11071,X04818,X10933
X11072,X09001,NA
X11073,X09001,NA
X11078,X10677,NA
X11079,X10677,NA
X11082,X09513,NA
X11094,X09227,NA
X11095,X09227,NA
X11096,X05668,NA
X11097,X11456,X09508
X11098,X05668,NA
X11101,X10272,NA
X11113,X09006,X10602
X11117,X09017,NA
X11120,X09913,NA
X11124,X12776,NA
X11125,X09931,NA
X11131,X03299,NA
X11132,X04498,NA
X11137,X05962,NA
X11138,X00547,NA
X11143,X11028,NA
X11145,X17730,X09508
X11147,X03267,X10940
X11149,X00556,NA
X11157,X11156,NA
X11159,X11158,NA
X11160,X11158,NA
X11162,X11161,NA
X11164,X03288,NA
X11165,X03288,NA
X11166,X10352,NA
X11167,X10071,X09918
X11170,X10352,NA
X11174,X10566,X11215
X11180,X05962,NA
X11194,X10947,NA
X11195,X05967,NA
X11196,X05967,NA
X11197,X05967,NA
X11198,X10947,NA
X11199,X10947,NA
X11200,NA,X10952
X11201,X09474,NA
X11203,X10781,X09640
X11206,X09474,NA
X11211,X09536,NA
X11214,X11031,X09778
X11216,NA,X04173
X11218,X10488,NA
X11219,X10488,X04192
X11222,X12175,NA
X11225,X05962,NA
X11233,X03594,NA
X11234,X03594,NA
X11244,X04168,X10650
X11245,X04168,NA
X11253,X11252,NA
X11255,X17250,NA
X11261,X09547,NA
X11265,NA,X10079
X11297,X10250,NA
X11300,X00520,NA
X11301,X10864,NA
X11306,X04160,NA
X11314,X11313,NA
X11315,X05501,X11033
X11319,NA,X11010
X11320,X12571,NA
X11321,X12175,NA
X11327,X05878,NA
X11334,X10220,NA
X11335,X10220,NA
X11343,X10549,NA
X11344,X10549,NA
X11346,X10071,NA
X11347,X10071,NA
X11348,NA,X04186
X11349,X05959,NA
X11356,X04296,X10933
X11357,X04296,X10933
X11363,NA,X11274
X11368,X11461,NA
X11369,X09316,X05596
X11370,NA,X05657
X11372,X11952,NA
X11373,X05569,NA
X11377,NA,X10892
X11379,NA,X00704
X11383,X00547,NA
X11384,X10662,NA
X11385,X11997,NA
X11392,X09335,NA
X11395,X04467,NA
X11399,NA,X11010
X11405,X10810,NA
X11407,X05512,NA
X11410,X05562,NA
X11412,X09332,NA
X11415,X03267,X10940
X11417,X05693,NA
X11418,X05978,NA
X11419,X05978,NA
X11420,X05967,NA
X11421,X05967,NA
X11422,X05967,NA
X11424,X09491,X09740
X11427,X09242,NA
X11434,X05972,X03035
X11435,X05972,X03035
X11444,X09931,NA
X11445,X09931,NA
X11446,X09010,NA
X11447,X09010,NA
X11448,X10515,NA
X11449,X10515,NA
X11450,X10571,NA
X11451,X04467,NA
X11453,X09536,NA
X11454,X09536,NA
X11455,X09536,NA
X11462,X11461,NA
X11463,X04183,NA
X11464,X04183,NA
X11465,X05901,NA
X11467,X09572,NA
X11468,X09572,NA
X11474,X11473,NA
X11479,X11127,NA
X11491,X05668,NA
X11492,X05668,NA
X11493,X10655,NA
X11494,X10655,NA
X11498,X09041,NA
X11499,X11202,NA
X11501,X05980,NA
X11506,X10227,NA
X11507,X10227,NA
X11513,X09094,NA
X11520,X05569,NA
X11521,X05569,NA
X11528,X03288,NA
X11529,X03288,NA
X11531,X11345,NA
X11537,NA,X12073
X11538,X10785,X09400
X11541,X03318,NA
X11544,X11543,NA
X11545,X10994,NA
X11546,X10994,NA
X11551,X10514,NA
X11552,X10514,NA
X11553,X09342,NA
X11554,X09342,NA
X11556,X09560,NA
X11558,X10268,NA
X11568,X11700,NA
X11569,X11700,NA
X11572,X09513,X09764
X11574,X11573,NA
X11575,X11573,NA
X11576,X09452,NA
X11577,X05882,NA
X11580,NA,X09544
X11581,X10539,NA
X11589,X11588,NA
X11590,X11588,NA
X11591,X00556,NA
X11592,X00556,NA
X11596,X09478,NA
X11597,X09478,NA
X11598,X09478,NA
X11631,X09171,NA
X11634,X09560,X11381
X11635,NA,X09579
X11641,X10550,NA
X11652,NA,X10934
X11658,X09242,NA
X11659,X00556,X00704
X11664,X11663,NA
X11665,X11663,X09284
X11672,X10678,NA
X11675,X10802,NA
X11678,X10810,NA
X11679,X10810,NA
X11683,X11682,NA
X11684,X11682,NA
X11686,X10534,NA
X11687,X10534,NA
X11694,X09470,NA
X11702,X10781,X09640
X11706,X05901,NA
X11707,X05672,NA
X11708,X05672,NA
X11714,X05956,NA
X11722,X09296,NA
X11723,X09296,NA
X11726,X05959,NA
X11732,X10951,NA
X11733,X10951,NA
X11738,X11737,X16112
X11740,X00556,X00704
X11754,X10677,NA
X11755,X10677,NA
X11756,X10566,NA
X11758,X02026,NA
X11759,X02026,NA
X11762,X10962,NA
X11763,X11307,NA
X11764,X11307,NA
X11765,X09017,NA
X11766,X09017,NA
X11767,X11345,NA
X11770,X09370,NA
X11771,X09370,NA
X11772,X10220,NA
X11773,X05978,NA
X11774,X05978,NA
X11775,X05978,NA
X11806,X11127,NA
X11807,X11127,X12421
X11811,X10566,X03025
X11814,X09696,NA
X11815,X10979,NA
X11819,X09001,NA
X11822,X03368,NA
X11823,X03368,NA
X11825,X05569,NA
X11881,X11880,NA
X11882,X11880,NA
X11883,X09269,NA
X11885,X10979,X10972
X11890,X11003,NA
X11892,X11894,X10033
X11930,X09713,X09460
X11931,X09713,X09460
X11932,X09713,X09460
X11935,X10549,NA
X11936,X05668,NA
X11937,X05668,NA
X11943,X11942,NA
X11947,X03318,NA
X11948,X03318,NA
X11949,X03288,NA
X11950,X03288,NA
X11951,X03288,NA
X11956,X05959,NA
X11957,X05959,NA
X11959,X04002,NA
X11960,X04002,NA
X11970,X09297,NA
X11971,X09297,NA
X11991,NA,X04194
X11998,X11997,NA
X12000,X09466,X09069
X12007,X04818,NA
X12010,X09782,NA
X12052,X09022,NA
X12060,X05962,NA
X12061,X05962,NA
X12072,X09498,NA
X12074,X10488,X11264
X12111,X11161,NA
X12112,X11161,NA
X12113,X11161,NA
X12115,X12114,X09694
X12116,X10655,X05598
X12117,X10655,X05598
X12118,X10655,X05598
X12125,X09536,NA
X12126,X09536,NA
X12127,X09536,NA
X12131,X10567,NA
X12132,X10567,NA
X12133,X11156,NA
X12134,X11156,NA
X12135,X02026,X16250
X12136,X02026,X16250
X12138,X10227,NA
X12151,X09742,NA
X12152,X09742,NA
X12153,X12156,NA
X12154,X12156,NA
X12161,X12160,X09640
X12163,X12162,X09443
X12164,X12162,NA
X12167,X12165,X12234
X12168,X12165,X12234
X12170,X16061,X10906
X12171,X16061,X10906
X12173,X12172,X12427
X12176,X12175,NA
X12177,X12175,NA
X12182,X00556,NA
X12200,NA,X11264
X12202,X05572,X09508
X12203,X05572,X09508
X12207,X12206,X09699
X12208,X12206,X09699
X12210,X05672,X11559
X12220,X11588,X19333
X12221,X11588,X19333
X12237,X16221,NA
X12238,X16221,NA
X12241,X12776,NA
X12245,X12244,NA
X12246,X12244,NA
X12248,X12247,NA
X12249,X12247,NA
X12259,X10071,NA
X12273,X12272,X05598
X12274,X12272,X05598
X12282,NA,X09688
X12286,X12114,NA
X12290,X12571,NA
X12297,X10677,X11734
X12298,X10677,X11734
X12302,X09242,NA
X12303,X09242,NA
X12307,X04195,X12438
X12308,X04195,X12438
X12309,X04195,X12438
X12316,X10534,NA
X12318,X04183,NA
X12319,X04183,NA
X12323,X10272,NA
X12327,X11172,NA
X12328,X11158,NA
X12329,X11158,NA
X12335,X10962,X10081
X12336,X10962,X10081
X12338,X12337,NA
X12339,X12337,NA
X12340,X09452,NA
X12341,X09452,X12420
X12351,X09572,NA
X12355,X12354,NA
X12356,X05990,NA
X12373,X09001,NA
X12388,X12571,NA
X12391,NA,X16022
X12400,X10599,NA
X12417,NA,X09640
X12418,X09199,NA
X12428,X10543,NA
X12432,NA,X16223
X12433,X09010,NA
X12436,X10595,NA
X12442,X09716,X09443
X12444,X10550,NA
X12448,X10947,NA
X12449,X10947,NA
X12451,X09316,X11328
X12452,X09316,X11328
X12453,X09316,X11328
X12454,X05882,NA
X12455,X05882,NA
X12471,X11588,X11734
X12472,X11588,X11734
X12474,X09006,X10082
X12479,X12478,X09540
X12480,X12478,X09540
X12482,X05589,NA
X12486,X10364,NA
X12495,X12114,NA
X12496,X12114,NA
X12505,X05693,X12411
X12506,X05693,NA
X12512,X09524,NA
X12514,X11952,NA
X12516,X10534,NA
X12517,X10534,NA
X12519,X11307,NA
X12520,X11307,NA
X12521,NA,X09740
X12533,X09227,NA
X12534,X09227,NA
X12552,X09041,NA
X12557,X10979,NA
X12564,X10655,X12073
X12565,X10655,X12073
X12572,X12571,NA
X12573,X12571,NA
X12622,X04818,X05598
X12645,X12644,NA
X12647,X05562,NA
X12650,NA,X09721
X12651,X11127,NA
X12652,X11127,NA
X12661,X09316,X19854
X12673,X03288,NA
X12674,NA,X05530
X12685,X11028,NA
X12691,X10677,NA
X12694,X10595,NA
X12695,X12776,X05596
X12698,X03318,NA
X12702,X12776,NA
X12706,X09498,NA
X12715,X12714,NA
X12734,X12481,X12065
X12744,X09342,X09214
X12766,X05678,NA
X12772,X11003,X12224
X12777,X12776,NA
X12780,X03383,X05596
X12781,X03383,X05596
X12788,X04818,NA
X16008,X12311,NA
X16036,X04195,NA
X16037,X04195,NA
X16050,X16049,NA
X16062,X16061,NA
X16230,X10247,NA
X16232,X05987,NA
X16236,NA,X00718
X16346,X09118,NA
X16347,X09118,NA
X16502,X17087,NA
X16613,X05959,NA
X16787,X17087,NA
X16873,NA,X12224
X17006,X10557,NA
X17016,X17018,NA
X17017,X17018,NA
X17020,X17022,X12229
X17021,X17022,X12229
X17023,X11316,NA
X17031,X05672,NA
X17034,X12753,NA
X17041,X05569,NA
X17042,X05569,NA
X17063,X05693,NA
X17064,X05693,NA
X17067,X17068,NA
X17083,NA,X11559
X17085,X10997,NA
X17088,X17087,NA
X17089,X17087,NA
X17106,X11316,NA
X17140,X09342,NA
X17146,X17096,NA
X17150,X17018,X11734
X17156,X17250,NA
X17158,X03383,X12430
X17161,X09296,NA
X17177,X17022,NA
X17179,X17022,NA
X17181,X09716,X10650
X17184,X09498,NA
X17190,NA,X11734
X17200,X04189,X16244
X17201,X09452,NA
X17216,X12114,NA
X17257,X17035,NA
X17258,X17035,NA
X17266,X17730,NA
X17270,X11316,X10082
X17304,X09342,NA
X17313,X12263,NA
X17314,X12263,NA
X17327,X10514,NA
X17330,X12416,NA
X17333,X03419,NA
X17334,X03419,NA
X17339,X11316,NA
X17368,X05678,X10860
X17379,X17096,X19215
X17439,NA,X12423
X17474,X10655,NA
X17720,X09010,NA
X17721,X09010,NA
X17731,X17730,NA
X17732,X17730,NA
X17735,X11173,NA
X17736,X11173,NA
X17759,X05956,NA
X17765,X17764,NA
X17766,X17764,NA
X17767,X09342,NA
X17768,X09342,NA
X17778,NA,X13018
X17782,X10364,NA
X17794,X04002,NA
X17799,X17798,X12411
X19101,X10607,NA
X19102,X10607,X16220
X19107,X04183,NA
X19108,X04183,NA
X19112,X11031,X09778
X19117,X09716,X12403
X19118,X09716,X12403
X19123,X19122,NA
X19135,NA,X00683
X19156,X11588,NA
X19167,X10810,NA
X19190,X10364,X12398
X19191,X10514,NA
X19196,X10870,X05596
X19210,X05990,NA
X19214,X11153,NA
X19221,X11548,NA
X19224,X04189,NA
X19226,X19225,NA
X19227,X19225,NA
X19238,X12263,NA
X19244,NA,X05577
X19245,NA,X11264
X19251,X19250,X10036
X19252,X19250,X10036
X19255,X10655,NA
X19260,X09296,NA
X19261,X09296,NA
X19264,NA,X10574
X19265,X10678,NA
X19268,X09316,NA
X19300,X17250,NA
X19307,X09547,X11734
X19309,NA,X11328
X19316,X05668,X19776
X19319,X12443,NA
X19328,X11456,NA
X19329,X11456,NA
X19338,X12753,X12240
X19339,X12753,X12240
X19341,X09491,NA
X19342,X09491,NA
X19373,X12571,NA
X19374,X12571,NA
X19375,X11639,X10860
X19376,X11639,X10860
X19405,X19404,NA
X19453,X11473,NA
X19489,X11894,NA
X19494,X04183,NA
X19571,X12714,NA
X19577,NA,X09069
X19593,X12354,NA
X19608,X05678,X09284
X19621,X11894,NA
X19622,X11894,NA
X19648,X12354,NA
X19649,X12354,NA
X19654,X09798,X11060
X19668,X12416,NA
X19669,X12416,NA
X19672,X04189,NA
X19721,NA,X10075
X19729,X10070,NA
X19735,X16061,X10973
X19760,X10220,NA
X19794,X10677,NA
X19833,X10655,X10860
X19834,X10655,X10860
X19845,X12424,NA
X19846,X17192,NA
X19849,NA,X12243
X19876,X17018,X12423
X19894,NA,X12423
X19900,X05990,NA
X19904,X17084,X19215
X19907,X19909,NA
X19908,X19909,NA
X19914,X12478,NA
X19915,X12478,NA
X19929,X11639,NA
X19930,X11639,NA
X19933,X12714,NA
X19934,X12714,NA
X19935,NA,X11734
X30853,X10997,NA
X30856,X10595,NA
X32413,X11456,NA
X32424,X10583,NA
X32428,X11456,NA
X32429,X11456,NA
X32433,NA,X12423
X32458,X11894,X16349
X32963,NA,X16648
X32964,NA,X03474
X32974,X33591,NA
X33101,X17087,NA
X33155,X33154,NA
X33176,X12714,NA
X33177,X12714,NA
X33198,X12263,NA
X33199,X12263,NA
X33224,X12354,NA
X33225,X12354,NA
X33228,X11894,NA
X33229,X11894,NA
X33235,X11153,NA
X33241,X33240,NA
X33273,X12299,NA
X33274,X17139,NA
X33288,X11316,X10082
X33310,X11456,NA
X33335,X19749,X17279
X33362,NA,X12423
X33383,X33382,X33145
X33384,X33382,X33145
X33386,X33385,NA
X33387,X33385,NA
X33392,X19971,X12420
X33395,X17139,NA
X33396,X17139,NA
X33407,X33406,NA
X33418,X19749,NA
X33432,X33431,NA
X33433,X33431,NA
X33475,X32416,NA
X33486,X12753,NA
X33490,X17084,NA
X33495,X17139,NA
X33498,X12416,NA
X33505,X11639,NA
X33510,X19157,NA
X33519,X10781,X09443
X33529,X12481,NA
X33548,X12263,NA
X33592,X33591,NA
X33593,X33591,NA
X33604,X12523,NA
X33605,X12523,NA
X33606,X12523,NA
X33607,X16350,NA
X33615,NA,X19203
X33629,X12443,NA
X33631,NA,X05596
X33634,X17139,NA
X33636,X19734,NA
X33654,X12380,NA
X33695,NA,X17045
X33749,X11156,X12678
X33774,X33773,NA
X33778,X33777,NA
X33782,NA,X12240
X33788,X33787,NA
X33806,X33805,NA
X33807,X33805,NA
X33809,X05678,X10508
X33813,X33203,NA
X33818,NA,X12243
X33828,X12443,NA
X37038,X37037,NA
X37039,X37037,NA
Z00025,X05999,NA
K00080,X04479,NA
K00082,X11017,NA
X03292,X02244,NA
X03344,X10570,NA
X03358,X10570,NA
X03399,X10939,X10990
X03406,X09182,NA
X03407,X09515,NA
X03411,X11255,NA
X03413,X09742,X04295
X03416,X09535,NA
X03420,X09118,X09084
X03421,X05666,X11572
X03422,X05666,X11572
X03426,NA,X09045
X03429,NA,X03370
X03434,NA,X09163
X03441,X02279,X17778
X03448,X09522,NA
X03450,X09913,X09589
X03452,X04168,X09095
X03456,X16232,NA
X03457,X09028,NA
X03458,X04291,NA
X03459,X09564,NA
X03460,X10501,X04188
X03461,X10501,X04188
X03463,X10072,NA
X03466,X09032,X11264
X03468,X09032,X11264
X03475,X11039,NA
X03479,X09182,X13018
X03480,X19167,NA
X03485,X10570,X11264
X03488,X10350,NA
X03490,X11039,NA
X03492,X09406,NA
X03493,X09406,NA
X03496,X03383,X16050
X03497,X03383,X16050
X04298,X02279,NA
X04299,X02279,NA
X04483,X00648,NA
X04484,X00648,NA
X04489,X04479,NA
X04490,X04479,NA
X04493,X00734,NA
X05667,X10072,NA
X05681,X04810,NA
X05683,X09500,NA
X05692,X10876,NA
X05975,X03019,NA
X05976,X03019,NA
X09073,X00569,NA
X09081,X05564,NA
X09085,X02279,NA
X09086,X02279,NA
X09124,X10966,NA
X09157,X00648,NA
X09158,X00648,NA
X09192,X05506,NA
X09226,X09380,NA
X09234,X04810,NA
X09235,X04810,NA
X09253,X09252,NA
X09256,X09255,NA
X09257,X09255,NA
X09305,X09304,NA
X09306,X09304,NA
X09327,X00648,NA
X09340,X00569,NA
X09341,X00569,NA
X09347,X02279,NA
X09348,X02279,NA
X09354,X09353,NA
X09355,X09353,NA
X09361,X09360,NA
X09362,X09360,NA
X09381,X09380,NA
X09382,X09380,NA
X09401,X05506,NA
X09402,X02244,NA
X09403,X02244,NA
X09458,X10966,NA
X09463,X11513,NA
X09472,X09470,X00605
X09501,X09500,NA
X09502,X09500,NA
X09523,X09522,NA
X09548,X10876,NA
X09552,X02244,NA
X09567,X09255,NA
X09568,X09255,NA
X09662,X09661,NA
X09678,X05529,NA
X09679,X05529,NA
X09720,X00689,NA
X09728,X09727,X09265
X09729,X09727,X09265
X09786,X09785,NA
X09787,X09785,NA
X09795,X10876,X16008
X09923,X00689,NA
X09924,X00689,NA
X09925,X00689,NA
X10073,X10072,NA
X10094,X09252,NA
X10237,X10242,NA
X10243,X10242,NA
X10256,X10255,NA
X10257,X10255,NA
X10259,X10258,NA
X10261,X10260,NA
X10262,X10260,NA
X10266,X02026,X11018
X10267,X02244,NA
X10274,X10272,X09045
X10363,NA,X16008
X10481,X10480,X10887
X10482,X10480,X10887
X10485,X10068,X16008
X10491,X12323,X00704
X10498,X05564,NA
X10499,X05564,NA
X10502,X10501,X10869
X10505,X03269,X11022
X10512,X03269,X10952
X10513,X11039,X11215
X10520,X10519,NA
X10524,X10522,NA
X10527,X00569,NA
X10538,X10537,NA
X10541,X10766,NA
X10551,X10550,X03041
X10561,X09500,NA
X10563,X10195,X00718
X10596,X00689,NA
X10597,X00689,NA
X10609,X12052,X09495
X10618,X10617,X09508
X10619,X10617,X09508
X10633,X10632,NA
X10634,X09237,X00605
X10635,X09237,X00605
X10652,NA,X04198
X10665,X10203,X11118
X10669,X10668,NA
X10670,X10897,NA
X10673,X10672,NA
X10681,X09028,NA
X10750,X03269,X10952
X10761,X09276,NA
X10764,X10522,NA
X10767,X10766,NA
X10768,X10766,NA
X10774,X09293,NA
X10779,X10778,NA
X10780,X10778,NA
X10790,X04291,NA
X10791,X04291,NA
X10792,X02279,NA
X10793,X02279,NA
X10800,X10799,NA
X10801,X10799,NA
X10813,X09468,NA
X10815,X09376,NA
X10829,X09160,NA
X10830,X09160,NA
X10843,X10690,NA
X10844,X10690,NA
X10857,X11120,NA
X10866,X00689,NA
X10877,X10876,NA
X10881,X09252,NA
X10886,NA,X10887
X10893,X10072,NA
X10894,X10072,NA
X10896,X10895,NA
X10898,X10897,X09045
X10899,X10897,X09045
X10904,X09661,X09544
X10926,X09522,X09640
X10927,X09056,NA
X10928,X09661,X09544
X10937,X10936,X16022
X10938,X10936,X16022
X10945,X10944,X09772
X10946,X10944,X09772
X10948,NA,X16008
X10954,X10953,NA
X10955,X10953,NA
X10956,X09503,X03041
X10959,X10690,X10081
X10961,X10766,NA
X10986,X09535,NA
X11008,NA,X11061
X11016,X11015,X09579
X11021,X11020,X10933
X11023,NA,X16008
X11029,X10690,NA
X11040,X11039,X16236
X11041,X11039,X16236
X11045,X05506,NA
X11046,X05506,NA
X11047,X05506,NA
X11048,X05564,X10500
X11049,X05564,X10500
X11051,X11050,NA
X11052,X11050,NA
X11054,X09034,NA
X11055,X09034,NA
X11066,X03037,X04465
X11074,X09304,NA
X11075,X09304,NA
X11083,X09293,X09509
X11084,X09293,X09509
X11085,X10255,NA
X11086,X10255,NA
X11087,X10255,NA
X11088,X10668,X10497
X11089,X10668,X10497
X11090,X10632,X09508
X11091,X10632,X09508
X11092,X10537,NA
X11093,X10537,NA
X11099,X10258,NA
X11100,X10258,NA
X11102,X11101,NA
X11103,X11101,NA
X11104,X10613,X10941
X11105,X02026,X10666
X11106,X02026,X10666
X11107,X02026,X10666
X11109,X19268,NA
X11110,X11412,NA
X11111,X09380,NA
X11148,X11174,X16230
X11168,X11167,NA
X11177,X05506,NA
X11178,X09304,X04303
X11181,X09767,NA
X11183,X12337,X11200
X11185,X11120,NA
X11190,X09406,NA
X11191,X09406,NA
X11208,X09452,X11203
X11209,X09452,X11203
X11213,NA,X09045
X11221,X09034,X05905
X11223,X05573,NA
X11224,X09059,NA
X11226,X12337,X11200
X11230,X09517,X09482
X11231,X10778,NA
X11232,X10778,NA
X11235,X10260,NA
X11236,X10260,NA
X11237,X05998,NA
X11238,X05998,NA
X11240,X05973,X09265
X11241,X05973,X09265
X11242,X10195,NA
X11243,X10195,NA
X11248,X09325,X09694
X11251,X10939,NA
X11256,X11255,NA
X11257,X11255,NA
X11298,X11297,NA
X11303,X11659,NA
X11304,X10501,X04194
X11305,X10501,NA
X11309,X09032,NA
X11310,X09032,NA
X11312,X09353,X11018
X11318,X04485,X09589
X11323,X11017,NA
X11332,X10570,NA
X11336,X10617,NA
X11337,X10617,NA
X11338,X10242,X10035
X11351,X04479,X09241
X11352,X04479,X09241
X11387,X11039,X09721
X11389,X09396,NA
X11413,X11412,NA
X11414,X11412,NA
X11436,X05664,NA
X11440,X10203,NA
X11441,X10203,NA
X11459,X10206,X10657
X11460,X10206,NA
X11471,X10617,X09579
X11475,X11015,NA
X11476,X11015,NA
X11477,NA,X09045
X11480,X09790,X11395
X11481,X09034,X10933
X11482,X09034,X10933
X11486,NA,X09216
X11488,X09698,X11328
X11489,X09698,NA
X11496,X09661,NA
X11497,X09661,NA
X11500,X10799,NA
X11502,X10242,NA
X11503,X10242,NA
X11504,X09500,NA
X11505,X09500,NA
X11509,X09594,NA
X11510,X09594,NA
X11511,X11124,NA
X11512,X11124,NA
X11514,X11513,NA
X11515,X11513,NA
X11516,X11513,NA
X11517,X10258,NA
X11518,X09360,NA
X11519,X09360,X04468
X11522,X11499,NA
X11523,X11499,NA
X11524,X05506,NA
X11525,X05506,NA
X11526,X05506,NA
X11527,X10799,NA
X11534,X00569,NA
X11535,X00569,NA
X11539,X09406,NA
X11540,X09406,NA
X11578,X09474,X16230
X11583,X09790,NA
X11584,X09790,NA
X11594,X09291,NA
X11595,X09291,NA
X11620,X11050,NA
X11621,X11050,NA
X11624,X10675,NA
X11625,X10675,X09579
X11628,X05564,NA
X11633,X11412,NA
X11636,X11635,NA
X11637,X11635,NA
X11638,X09255,NA
X11640,X09353,NA
X11643,X04802,NA
X11644,X04802,NA
X11645,X09346,NA
X11646,X10919,X11465
X11650,X05664,NA
X11651,X05664,NA
X11655,X09661,NA
X11660,X11659,NA
X11661,X11659,X11329
X11669,X09276,NA
X11670,X09276,X09163
X11674,X09051,X12259
X11677,X10069,NA
X11681,X03305,NA
X11688,X10206,NA
X11690,X12323,NA
X11696,X10897,NA
X11697,X10897,NA
X11701,X10672,NA
X11709,X09096,NA
X11728,X02279,NA
X11729,X02279,X10887
X11730,X09376,NA
X11731,X09376,NA
X11735,X10522,NA
X11736,X10522,X04295
X11742,X10607,X11348
X11744,X09291,NA
X11746,X11580,NA
X11747,X10968,X10909
X11748,X11037,X09095
X11749,X11037,X09095
X11750,X09056,NA
X11751,X09056,NA
X11752,X10537,X11064
X11753,X10537,NA
X11760,X09345,NA
X11761,X09345,NA
X11777,X09022,X09216
X11780,X10519,NA
X11783,X09512,NA
X11784,X09512,NA
X11785,X11017,NA
X11786,X11017,NA
X11788,X05573,NA
X11794,X09468,NA
X11795,X09468,NA
X11796,X11261,NA
X11797,X11261,NA
X11798,X10087,NA
X11799,X10542,NA
X11801,X05973,NA
X11802,X09360,X19249
X11803,X09360,X19249
X11808,X11811,X11415
X11809,X11811,NA
X11810,X09017,X16037
X11817,X11120,NA
X11818,X11120,NA
X11824,X17794,X11264
X11827,X11652,NA
X11870,X11255,NA
X11871,X11180,NA
X11886,X09409,NA
X11887,X09409,NA
X11891,X05666,NA
X11893,X11894,X11694
X11898,X09522,NA
X11924,X09261,X11348
X11925,X09261,NA
X11927,X09785,X09460
X11928,X09785,X09460
X11933,X05506,NA
X11934,X05506,NA
X11939,X10260,NA
X11940,X10260,NA
X11941,X10260,NA
X11945,X10070,X11694
X11946,X10070,X11694
X11953,X04168,X09126
X11961,X11307,X05684
X11962,X11307,X05684
X11964,X10539,X11451
X11965,X10539,X11451
X11966,X10539,X11451
X11967,X03328,NA
X11968,X03328,NA
X11972,X11120,NA
X11973,X11120,NA
X11988,X09118,X09084
X11994,X04479,NA
X11995,X09522,NA
X11996,X00689,X04188
X12001,X12000,X05598
X12002,X12000,X05598
X12003,X09767,X11215
X12004,X10200,NA
X12005,X10200,NA
X12008,X12007,NA
X12009,X12007,NA
X12011,X05882,X11694
X12012,X05882,X11694
X12015,X11069,X05598
X12050,X09032,NA
X12051,X10550,X09398
X12053,X12052,X10972
X12054,X12052,X10972
X12063,X04297,NA
X12064,X10963,X11734
X12066,X09096,X04188
X12067,X09096,X04188
X12101,X09558,X09163
X12102,X09558,X09163
X12103,X10939,NA
X12104,X10939,NA
X12106,X09162,NA
X12107,X09162,NA
X12119,X10981,X09077
X12120,X10981,NA
X12121,X09360,NA
X12122,X09360,NA
X12123,X09345,NA
X12124,X09345,NA
X12142,X05664,X05675
X12143,X05664,X05675
X12144,X10690,NA
X12145,X10690,NA
X12157,X12323,NA
X12174,X12172,X09077
X12178,X10242,X04188
X12180,X10203,X09688
X12181,X10203,X09688
X12183,X12182,NA
X12184,X12182,NA
X12185,X05677,X09095
X12186,X05677,X09095
X12213,X09564,NA
X12214,X12052,NA
X12219,X16036,NA
X12222,X09199,X10034
X12230,X11124,NA
X12231,X11124,NA
X12236,X12235,X09574
X12242,X12241,NA
X12267,X11020,X10650
X12269,X10675,X09699
X12270,X09291,NA
X12271,X09302,NA
X12277,X03305,X19776
X12278,X03305,X19776
X12288,X09034,NA
X12289,X09034,NA
X12293,X10672,NA
X12295,X09337,NA
X12296,X09337,NA
X12300,X05668,X09357
X12301,X05668,X09357
X12312,X09716,X09755
X12313,X09716,X09755
X12317,X12316,X09694
X12321,X09512,X09126
X12322,X09512,X09126
X12324,X12323,X09460
X12332,X09293,NA
X12333,X09293,NA
X12352,X09409,X11010
X12358,X10827,X04188
X12359,X10827,X04188
X12360,X17018,X04198
X12365,X05973,NA
X12367,X09747,NA
X12370,X09376,NA
X12371,X10766,NA
X12372,X10766,NA
X12375,X10613,X12414
X12376,X10613,X12414
X12377,X11456,X09077
X12378,X11456,X09077
X12379,X05959,X16050
X12381,X10944,NA
X12382,X10944,NA
X12383,X09748,NA
X12385,X09004,X09045
X12386,X09004,X09045
X12389,X10537,X10497
X12390,X10537,X10497
X12395,X09014,X11001
X12397,X10354,NA
X12399,NA,X16062
X12406,X12405,X09126
X12407,X12405,X09126
X12409,X16036,NA
X12410,X16036,NA
X12437,NA,X09140
X12440,X10966,NA
X12445,X11344,NA
X12446,X11344,NA
X12447,X12000,X19776
X12456,X09468,NA
X12461,X10072,NA
X12462,X10072,NA
X12465,X10550,X09163
X12466,X10550,X09163
X12467,X11412,X12411
X12468,X11412,X12411
X12469,X09572,X12433
X12470,X09572,X12433
X12475,X11017,NA
X12476,X11306,X09176
X12485,X10255,X09002
X12491,X10206,X19234
X12492,X10206,X19234
X12497,X11015,X10933
X12502,X09535,NA
X12504,X09500,X09214
X12507,X10072,NA
X12509,X16232,NA
X12515,X12514,NA
X12524,X10566,X03041
X12527,X11659,NA
X12535,X05573,NA
X12536,X09162,X09140
X12553,X11537,NA
X12554,X11537,NA
X12558,X05677,NA
X12562,X11039,X12411
X12563,X11039,X12411
X12566,X09059,NA
X12567,X09059,NA
X12577,X09345,X10650
X12578,X09345,X10650
X12600,X10069,X09176
X12601,X10069,NA
X12606,X10516,X12423
X12607,X10516,X12423
X12610,X11255,NA
X12611,X11255,NA
X12616,X05668,X09755
X12617,X05668,X09755
X12619,X10503,X09284
X12620,X10503,X09284
X12624,X10350,NA
X12625,X10350,NA
X12631,X10617,X10973
X12633,X05572,X09935
X12636,X12007,X09357
X12637,X11641,X09216
X12638,X11167,X09140
X12639,X11167,X09140
X12642,X09276,NA
X12643,X09276,NA
X12648,X11370,NA
X12654,X10690,X12259
X12657,X09353,X10909
X12663,X10542,NA
X12664,X10354,NA
X12665,X10354,NA
X12666,X19112,NA
X12667,NA,X16236
X12671,X09711,NA
X12672,X09711,NA
X12675,X12674,X12428
X12676,X12674,X12428
X12680,X09515,NA
X12693,X11020,X09935
X12696,X11569,X11328
X12697,X10919,X09574
X12699,X04479,NA
X12700,X11015,NA
X12703,X10516,X04468
X12704,X10919,X10650
X12705,X10919,X10650
X12709,X09360,NA
X12712,X09512,NA
X12713,X09512,NA
X12716,X12373,X09935
X12717,X12373,X09935
X12718,X11101,NA
X12719,X11101,X09128
X12725,X17006,NA
X12730,X09034,NA
X12731,X09790,X11143
X12732,X12514,X11137
X12733,X12514,X11137
X12736,X09768,NA
X12737,X09768,NA
X12739,X09515,X09163
X12740,X09515,X09163
X12746,X09564,X11702
X12749,X12206,X11348
X12761,X11771,NA
X12762,X11580,X11657
X12763,X11580,X11657
X12768,X10542,NA
X12769,X10542,NA
X12770,X10873,NA
X12779,X05659,NA
X12784,X12571,X10034
X12789,X17794,NA
X12790,X10766,X11740
X12792,X11499,X11326
X17001,X09056,X09688
X17002,X10519,X11143
X17003,X09160,X09530
X17004,X05588,NA
X17007,X17006,X11561
X17008,X17006,X11561
X17012,X09515,NA
X17013,X19135,NA
X17014,X09790,NA
X17019,X11635,NA
X17024,X11297,NA
X17028,X04189,X09574
X17032,X19112,NA
X17033,X11180,NA
X17036,X09713,X09077
X17037,X09304,X10684
X17044,X10963,NA
X17048,X10585,X17375
X17049,X10827,NA
X17050,X09406,NA
X17051,X09406,NA
X17059,NA,X09163
X17082,NA,X11451
X17090,X11069,NA
X17094,X16232,X10558
X17104,X11005,NA
X17107,X17106,NA
X17108,X09056,X09688
X17110,X10255,NA
X17123,X10480,X05598
X17128,X10542,NA
X17130,X11180,NA
X17131,X11180,NA
X17133,NA,X09095
X17134,X11930,NA
X17143,X12391,NA
X17148,X09406,NA
X17151,X05973,NA
X17152,X11641,NA
X17160,X11172,X03331
X17163,X11050,NA
X17165,X09376,NA
X17191,X17192,X12126
X17197,X03328,NA
X17204,X11201,X10977
X17211,X09032,X03331
X17214,X10255,X05598
X17256,X10503,X10935
X17261,X03397,X10691
X17263,X11771,NA
X17267,X09790,NA
X17273,X17006,NA
X17274,X11652,NA
X17285,X11005,NA
X17286,X11005,NA
X17289,X11172,X11137
X17290,X11172,X11137
X17303,X12218,X10935
X17307,X09491,X10558
X17311,X09034,NA
X17312,X12116,NA
X17316,X09345,X10535
X17317,X11652,NA
X17320,X11722,NA
X17325,X10613,X11415
X17328,X11017,X11538
X17335,X17794,X03499
X17343,NA,X03367
X17346,X10354,NA
X17347,X11039,NA
X17350,NA,X09163
X17351,X16221,X03331
X17352,X11194,NA
X17354,NA,X12335
X17358,X11659,NA
X17359,X09768,X12694
X17361,X11334,X10558
X17364,X10963,X10663
X17365,X03495,NA
X17371,X11222,X10081
X17378,X11222,X10081
X17385,NA,X33818
X17429,X17042,NA
X17438,X04297,NA
X17443,X12007,X19300
X17509,X19329,X33145
X17518,X17053,X12335
X17525,X12448,NA
X17526,NA,X19238
X17531,NA,X10684
X17533,X11556,NA
X17537,X12448,NA
X17547,X17339,NA
X17557,X17406,NA
X17577,X17334,NA
X17595,X03495,X33631
X17597,X17161,X16643
X17711,X11037,NA
X17712,X11037,NA
X17724,X10895,NA
X17728,X10895,NA
X17729,X10895,NA
X17733,X11039,NA
X17734,X11039,NA
X17739,X00569,NA
X17740,X00569,NA
X17748,X11261,NA
X17750,X09041,X09357
X17756,X10242,X10035
X17757,X10516,X04468
X17760,NA,X09286
X17762,X10228,NA
X17763,X10228,NA
X17772,X10870,X11572
X17779,X09304,NA
X17786,X05564,NA
X17788,X11167,NA
X17789,X11167,NA
X17796,X04479,NA
X17797,X09515,X04188
X19109,X12182,NA
X19110,X12316,NA
X19125,X10516,NA
X19126,X10516,NA
X19129,X12007,NA
X19130,X12007,NA
X19131,X11652,NA
X19132,X11652,NA
X19133,X10617,X09530
X19134,X10617,X09530
X19140,X09276,X11143
X19151,X09698,X10081
X19152,X09698,X10081
X19154,X10947,X10497
X19155,X10947,X10497
X19158,X19157,X09773
X19159,X19157,X09773
X19160,X11124,NA
X19161,X11124,NA
X19162,X09059,X12521
X19163,X09059,X12521
X19165,X11201,NA
X19166,X11201,NA
X19168,X19167,NA
X19169,X19167,NA
X19176,X09713,X09357
X19181,X10963,NA
X19182,X10963,NA
X19184,X05666,X05598
X19185,X10567,X09574
X19186,X10567,X09574
X19187,X09661,X03335
X19188,X09353,X10535
X19199,X09572,X12685
X19200,X09572,X12685
X19205,X09468,X10509
X19206,X11682,X09163
X19209,NA,X11451
X19212,X11321,X10935
X19222,X19221,X09357
X19229,X10531,X11694
X19230,X10531,X11694
X19236,X10919,X09574
X19253,X16036,NA
X19254,X16036,NA
X19256,X09096,NA
X19262,X05973,X11328
X19263,X11124,NA
X19267,X09452,X09773
X19269,X19268,X10650
X19270,X05588,X11819
X19271,X05588,X11819
X19272,X11344,NA
X19279,X11039,X11561
X19282,X09913,X09589
X19284,X12391,NA
X19294,X05677,NA
X19295,X11412,NA
X19298,X11005,NA
X19299,X11005,NA
X19303,X05956,X10535
X19317,X11885,NA
X19318,X11885,NA
X19320,X19112,NA
X19321,X19112,NA
X19322,X03486,X03462
X19323,X11222,X11143
X19324,X11222,X11143
X19326,X10354,NA
X19327,X10354,NA
X19334,X12788,X09935
X19344,X11265,X19690
X19345,X11265,X19690
X19349,X11195,NA
X19350,X11195,NA
X19351,X04297,X09699
X19352,X09182,X16112
X19353,X09182,X16112
X19355,X19135,NA
X19356,X19135,NA
X19369,X09353,X10691
X19370,X12052,X05500
X19378,X12316,X10903
X19379,X12316,X10903
X19381,X10206,NA
X19382,X10206,NA
X19384,NA,X04468
X19387,X12514,X12362
X19388,X09409,X19721
X19389,X09409,X19721
X19406,X04291,NA
X19454,X19453,NA
X19455,X19453,NA
X19462,X30853,NA
X19463,X30853,NA
X19464,X04297,NA
X19465,X12052,NA
X19468,X09535,NA
X19473,X09353,X10909
X19477,X09748,X11328
X19490,X12702,X12418
X19491,X12702,X12418
X19578,X09748,NA
X19579,X09748,NA
X19584,X12010,X10935
X19585,X12010,X10935
X19595,X09564,NA
X19596,X09564,NA
X19597,X10519,X11143
X19599,X10939,NA
X19603,X10531,X10973
X19607,X09041,X10535
X19609,X19608,X09398
X19610,X10617,NA
X19611,X10617,NA
X19612,X10617,NA
X19614,X11156,X11137
X19615,X11156,X11137
X19617,X11167,X12240
X19619,X11017,NA
X19620,X11017,NA
X19625,X11580,NA
X19627,X10981,X12622
X19628,X10981,X12622
X19632,X12695,NA
X19651,X12351,NA
X19660,X12208,X10684
X19661,X12208,X10684
X19667,X11124,X11694
X19677,X09276,X16062
X19678,X09276,X16062
X19680,X09698,NA
X19697,X09500,X12418
X19706,X10944,NA
X19711,X09034,X09574
X19712,X09034,X09574
X19713,X09034,X09574
X19715,X12448,NA
X19716,X12448,NA
X19731,X05973,NA
X19732,X11672,NA
X19733,X11020,X11465
X19743,X10480,NA
X19746,X17042,X12519
X19752,X17161,NA
X19753,X17161,NA
X19764,X10919,X12430
X19775,X11321,X11326
X19777,X11321,X10935
X19778,X11050,X09398
X19787,X11556,X10824
X19789,X10519,NA
X19799,X10072,NA
X19820,X10072,NA
X19822,X10350,NA
X19823,X10503,X10935
X19824,X03445,NA
X19827,X12647,NA
X19843,X12650,NA
X19847,X09487,NA
X19857,X16350,X19224
X19858,X16350,X19224
X19860,X11635,X10909
X19869,X09558,X19738
X19871,X10612,NA
X19872,X10612,NA
X19880,X09558,X19738
X19882,X19268,NA
X19883,X19268,NA
X19889,X16036,NA
X19891,X33101,NA
X19895,X11548,X10568
X19896,NA,X11143
X19899,X12007,NA
X19901,X12116,X19210
X19905,X12202,NA
X19910,X09376,NA
X19911,X09032,X03331
X19913,NA,X12685
X19917,X17088,NA
X19918,X09296,X10535
X19919,X11412,NA
X19927,X10542,NA
X19932,X12647,NA
X19939,X12273,NA
X19942,X19608,NA
X19943,X09491,X09398
X19945,X10617,X11762
X19950,X16036,NA
X19951,X12380,X12418
X19952,X12380,X12418
X19964,X11659,NA
X19974,X11822,X33708
X19975,X11822,X33708
X19979,X11722,NA
X32011,NA,X17339
X32024,X12702,NA
X32037,X19112,X12420
X32039,X10519,X09574
X32396,X19593,NA
X32401,X12449,NA
X32402,X05677,NA
X32403,X05677,NA
X32404,X09376,X11326
X32408,X11412,NA
X32409,X11412,NA
X32415,X11321,X03376
X32421,X05973,NA
X32432,NA,X12442
X32434,NA,X12428
X32438,X11569,X17279
X32439,X10963,X10663
X32447,X19268,NA
X32450,X12307,NA
X32452,X12753,X09935
X32453,NA,X09574
X32456,X11321,NA
X32457,X11321,NA
X32459,X32458,NA
X32460,X11722,NA
X32462,X11050,NA
X32478,X19654,NA
X32479,X19654,NA
X32480,NA,X12335
X32487,X12478,X19224
X32488,X12478,X19224
X33029,X11652,NA
X33031,X11005,NA
X33036,X03486,NA
X33037,X12273,X17085
X33038,X12273,X17085
X33046,X11297,X10497
X33058,X19221,NA
X33064,X10255,X05598
X33102,X33101,X10976
X33103,X33101,X10976
X33106,X10875,X03499
X33111,X32424,X10650
X33123,X19729,NA
X33124,X19729,NA
X33127,X11435,X11006
X33128,X12514,X11971
X33134,X03397,NA
X33135,X03397,NA
X33136,X11811,NA
X33138,X19735,X32431
X33139,X19735,X32431
X33148,X11222,NA
X33149,X11222,NA
X33152,X12202,NA
X33153,X12202,NA
X33161,X05990,X09163
X33165,X17368,NA
X33178,X19319,X17439
X33181,X12273,X11971
X33190,X09468,X09398
X33204,X09409,NA
X33207,X10919,X10691
X33209,X17794,NA
X33210,X17794,NA
X33211,X12702,NA
X33212,X12702,NA
X33234,X11153,X03394
X33238,X11635,NA
X33245,X32424,NA
X33253,X19593,NA
X33254,X19265,X33631
X33258,X19135,X11883
X33259,X19135,X11883
X33264,X10228,NA
X33265,X10228,NA
X33270,X09014,NA
X33277,X10919,X12430
X33300,X10354,NA
X33303,X09376,NA
X33304,X09558,X09398
X33311,X10963,X11740
X33313,X12116,X17279
X33314,X12116,X17279
X33323,X19654,NA
X33324,X19654,NA
X33326,X09409,NA
X33330,X10981,NA
X33334,X17022,X12694
X33351,X19135,NA
X33352,X19135,NA
X33353,X19135,NA
X33364,X05677,X10036
X33368,X10895,X12694
X33405,X11635,X12240
X33428,X19622,X12335
X33429,X19622,X12335
X33441,X03486,X19900
X33442,X03486,X19900
X33456,X30856,NA
X33463,X19608,X12742
X33465,X09345,X10601
X33476,X19654,NA
X33499,X19672,NA
X33501,X12650,NA
X33511,X33510,X19894
X33516,X11344,NA
X33526,X12351,X12694
X33532,X11672,NA
X33533,X11672,NA
X33535,X03495,NA
X33549,X19735,NA
X33550,X19735,NA
X33551,X11722,NA
X33570,X12702,X17085
X33573,X19319,NA
X33574,X19319,NA
X33577,X12777,NA
X33586,X05677,X10036
X33587,X33288,NA
X33590,X05573,NA
X33598,X12777,NA
X33608,X17192,X17439
X33609,X19221,NA
X33646,X05678,X16613
X33657,X09491,X10558
X33673,X12007,X19300
X33680,X17022,X10977
X33698,X33228,NA
X33699,X33228,NA
X33705,X19265,X19208
X33706,X33274,NA
X33717,X17161,NA
X33720,X19265,X09357
X33723,X19118,NA
X33737,NA,X19238
X33741,X17334,NA
X33744,NA,X19245
X33750,X33749,NA
X33751,X33749,NA
X33759,X10613,X11415
X33783,X33782,NA
X33784,X33782,NA
X33789,NA,X19721
X33796,X33809,NA
X33799,NA,X19238
X33810,X33809,X32413
X33811,X33809,X32413
X33823,X19735,X16648
X33824,X19735,X16648
X33827,NA,X33629
X33865,X03495,NA
X33866,X33274,NA
Z00030,X10255,NA
X17622,X12449,NA
X03391,X09234,X11329
X03439,X11221,X11033
X03449,X10491,NA
X03455,X10237,X11740
X03472,X10491,NA
X03473,X09548,X09778
X03478,X11066,NA
X09553,X09552,NA
X09554,X09552,NA
X09718,X03292,NA
X09719,X03292,NA
X10238,X10237,X09216
X10239,X10237,NA
X10492,X10491,X09918
X10493,X10491,X09918
X10528,X10527,X09286
X10644,X09795,NA
X10645,X09795,NA
X10688,X10527,NA
X10751,X10750,NA
X10752,X10750,NA
X10754,X09402,NA
X10755,X09402,NA
X10760,X09276,X09458
X10765,X10764,NA
X10818,X09548,NA
X10819,X09548,X11200
X10871,X10948,NA
X11134,X03292,NA
X11135,X03292,NA
X11204,X09795,NA
X11205,X09795,NA
X11325,X09472,NA
X11331,X03292,NA
X11339,X11338,X09224
X11340,X11338,X09224
X11380,X09552,NA
X11402,X10237,NA
X11403,X10237,NA
X11442,X11029,NA
X11443,X11029,NA
X11458,X09548,NA
X11472,X11471,NA
X11582,X10948,X04295
X11586,X10652,NA
X11587,X10652,NA
X11691,X11690,NA
X11724,X09472,NA
X11757,X09552,NA
X11768,X11178,NA
X11790,X09034,X10363
X11791,X09034,X10363
X11792,X09034,X10363
X11800,X10665,X10485
X11804,X11040,X12400
X11805,X11040,NA
X11820,X10665,X10485
X11872,X11477,NA
X11874,X10561,NA
X11895,X11178,NA
X11896,X11178,NA
X11897,X11304,X09163
X11954,X11041,X10485
X11955,X11041,X10485
X11992,X03292,NA
X11993,X03292,NA
X12016,X10670,NA
X12094,X11338,X03355
X12108,X05976,X09530
X12109,X05976,X09530
X12128,X11222,X10485
X12129,X11222,X10485
X12146,X09463,NA
X12147,X09463,NA
X12148,X09463,NA
X12158,X12157,X10956
X12159,X12157,X10956
X12204,X09472,NA
X12205,X09472,NA
X12212,X10583,X10363
X12257,X10750,X10651
X12276,X10961,NA
X12279,X10926,X09729
X12291,X11338,X10079
X12304,X11074,X09508
X12305,X11074,X09508
X12314,X11332,X09073
X12315,X11332,X09073
X12325,X09548,NA
X12326,X09548,NA
X12330,X09182,X11008
X12331,X09182,X11008
X12334,X05506,X11213
X12342,X11021,NA
X12343,X11021,NA
X12344,X10875,X09073
X12345,X10875,X09073
X12348,X11101,X10485
X12393,X10927,NA
X12457,X11995,X11561
X12458,X11110,NA
X12459,X11110,NA
X12477,X10527,X09002
X12488,X09463,NA
X12489,X09463,NA
X12490,X09463,NA
X12500,X09661,X10551
X12501,X10652,X10205
X12510,X11074,NA
X12525,X12524,NA
X12526,X12524,NA
X12541,X11221,NA
X12542,X11221,NA
X12547,X10237,NA
X12548,X10237,NA
X12549,X11066,NA
X12550,X11066,NA
X12555,X09472,NA
X12556,X09472,NA
X12568,X11638,NA
X12569,X11638,NA
X12570,X11638,NA
X12574,X09594,X03358
X12575,X09594,X03358
X12576,X09594,X03358
X12603,X10491,X10935
X12604,X10491,X10935
X12613,X11041,NA
X12614,X11041,NA
X12626,X11625,NA
X12627,X03292,NA
X12628,X05976,NA
X12629,X05976,X10663
X12634,X11578,X09589
X12635,X11226,NA
X12679,X11988,NA
X12687,X09552,NA
X12689,X10750,X11819
X12692,X10677,X10898
X12707,X11777,NA
X12708,X11777,NA
X12710,X11156,X10898
X12711,X11156,X10898
X12720,X09548,NA
X12721,X09548,NA
X12722,X09548,NA
X12723,X12052,X11213
X12724,X12052,X11213
X12726,X12725,X12259
X12727,X12725,X12259
X12729,X11040,X16047
X12735,X10904,NA
X12750,X10561,X11301
X12758,X05959,X10513
X12759,X19465,NA
X12765,X11110,X09530
X12786,X10750,X16613
X12795,NA,X17014
X12798,X09337,X10857
X16519,X12000,X10954
X17025,X10750,X11819
X17026,X12157,NA
X17030,X11111,NA
X17038,X12003,X10691
X17055,X09234,X11434
X17056,X09234,X11434
X17061,X09182,X17756
X17062,X09182,X17756
X17091,X09118,X10898
X17097,X11222,X03448
X17109,X11387,X12290
X17114,X19370,NA
X17117,X03479,X12411
X17122,X09552,NA
X17126,X12000,X10954
X17129,X10542,X19126
X17132,X17133,X10513
X17137,NA,X12296
X17153,X10491,X19333
X17154,X11003,X11008
X17155,X10947,X10551
X17157,X10947,X10551
X17171,X10491,X19333
X17173,X12003,NA
X17175,X09118,X12352
X17176,X09118,X12352
X17183,X09498,X19284
X17185,X09498,X03458
X17187,X11988,X09163
X17188,X11988,X09163
X17189,X11871,NA
X17193,X10228,X11674
X17205,X17760,X11312
X17207,X11827,X11213
X17208,X11827,X11213
X17212,X03292,X11224
X17218,X17347,NA
X17253,X12185,NA
X17254,X12213,X12433
X17260,X09234,NA
X17265,X03459,X10691
X17271,X11940,NA
X17277,X12725,X12065
X17281,X11477,NA
X17282,X11477,NA
X17288,X12770,NA
X17300,X12269,X10977
X17302,X12746,X10626
X17305,NA,X19284
X17309,X03461,NA
X17310,X11688,X05681
X17322,X17090,NA
X17323,X17090,X12240
X17324,X11688,X05681
X17326,X11688,X05681
X17331,X11338,X09176
X17337,X12321,NA
X17341,X03420,NA
X17348,X17347,NA
X17349,X17347,NA
X17355,X11625,NA
X17357,NA,X17048
X17360,X10073,NA
X17363,X12213,X12433
X17367,X17760,X19210
X17369,X10961,X10558
X17370,X10928,NA
X17383,X17261,NA
X17391,X03461,NA
X17394,X11477,NA
X17395,X11477,NA
X17396,X11477,NA
X17397,X17728,X17375
X17398,X11688,NA
X17437,X19464,X17045
X17463,X11688,NA
X17465,NA,X19254
X17467,X03461,NA
X17468,X03461,NA
X17486,X17347,NA
X17489,X03459,X32413
X17501,X17096,X19254
X17502,X17096,X19254
X17506,X12648,NA
X17513,X19465,X19690
X17514,X10354,X11961
X17515,X11221,X33204
X17517,X11771,X12792
X17524,X03461,NA
X17530,X12639,X19690
X17535,X11488,NA
X17536,X12790,NA
X17551,X33657,X10992
X17555,X11827,X19405
X17561,X33161,X17163
X17576,X17082,X19344
X17578,X17096,X17443
X17579,X17096,X17443
X17583,X03397,X11795
X17587,X12790,X12606
X17590,X33326,X19932
X17591,X33326,X19932
X17592,NA,X19905
X17593,X12001,NA
X17594,X19271,NA
X17596,NA,X12779
X17598,X32402,NA
X17600,X19627,X12442
X17601,X32439,NA
X17603,X11822,X12230
X17604,X19351,X03353
X17610,X12497,X12335
X17612,X19253,NA
X17620,NA,X19159
X17624,X17263,NA
X17628,X33657,NA
x17629,X17316,X17531
X17708,X10652,X10933
X17714,X11477,NA
X17722,X11345,X10363
X17723,X11345,X10363
X17726,X10073,X11538
X17727,X09234,NA
X17738,X10073,X11538
X17751,X09795,X11328
X17752,X09795,X11328
X17753,X09795,X11328
X17769,X17760,NA
X17783,X10904,NA
X17785,X10904,NA
X19113,X19112,X10513
X19114,X19112,X10513
X19120,X09014,X05681
X19127,X12770,X04468
X19128,X12770,X04468
X19136,X19135,X12054
X19141,X05976,NA
X19143,X11040,NA
X19144,X11040,NA
X19145,X03479,X19284
X19147,X11178,X11694
X19148,X11178,X11694
X19149,X11178,X11694
X19170,X10072,X10857
X19171,X10072,X10857
X19172,X03459,X05596
X19173,X03459,X05596
X19178,X10670,NA
X19179,X10670,NA
X19194,X12219,NA
X19195,X12219,NA
X19198,X03292,NA
X19220,NA,X10956
X19241,X12009,X19249
X19242,X12009,X19249
X19259,X10948,X11702
X19273,X09463,NA
X19274,X05683,NA
X19280,X09472,X09739
X19289,X11110,X09773
X19337,X12497,X10973
X19343,X11995,X12521
X19347,X11066,X11581
X19348,X11066,X11581
X19360,X10585,X11312
X19361,X10585,X11312
X19362,X10585,X11312
X19363,X10927,X03393
X19364,X10927,X03393
X19366,X10652,X11738
X19367,X10652,X11738
X19371,X19370,X10898
X19372,X19370,X10898
X19394,X12050,NA
X19395,X12050,NA
X19397,X12008,NA
X19398,X12008,NA
X19403,X12648,X19577
X19407,X19406,X17375
X19451,X10870,X10551
X19452,X10870,X10551
X19456,X11316,X19847
X19457,X11316,X19847
X19458,X11316,X19847
X19466,X19465,X03393
X19469,X19468,X03393
X19474,X19473,X10935
X19497,X11638,X12666
X19498,X11638,X12666
X19572,X10948,X13018
X19587,X11522,X10992
X19588,X11522,X10992
X19601,X11578,X12417
X19602,X11578,X12417
X19644,X10561,NA
X19645,X10561,NA
X19647,X12051,NA
X19653,X05683,NA
X19655,X19654,X10955
X19656,X19654,X10955
X19657,X05978,X10363
X19662,X09558,X10857
X19663,X09558,X10857
X19670,X11690,X12685
X19673,X09199,X12779
X19675,X11020,X11519
X19682,X10870,X33204
X19684,X12317,NA
X19686,X17760,X12703
X19700,X17049,NA
X19701,X17049,NA
X19703,X11003,X10955
X19704,X11003,X10955
X19705,X11003,X10955
X19707,X19706,X12680
X19708,X19706,X12680
X19722,X10948,X13018
X19723,X10928,X12442
X19724,X11153,X11519
X19725,X11153,X11519
X19727,X12009,X09460
X19744,X19743,X12065
X19762,X10491,X12638
X19763,X10491,X12638
X19771,X19256,X11519
X19779,X19778,NA
X19780,X19778,NA
X19782,X11784,X11143
X19784,X19236,X12742
X19785,X19236,NA
X19788,X17082,X10663
X19796,NA,X32434
X19797,X12370,NA
X19798,X12370,X19208
X19825,X12009,X09460
X19826,X11041,NA
X19831,X10947,X10986
X19832,X10947,X10986
X19842,NA,X12214
X19862,X11870,X03331
X19863,X11870,X03331
X19873,X09463,X12694
X19877,X12383,NA
X19878,X09160,X12352
X19898,X10073,X10935
X19921,X11652,X17044
X19922,X11652,X17044
X19936,X12008,X03393
X19937,X12008,X03393
X19946,X19597,X16613
X19956,X12377,X12433
X19959,X09472,X11002
X19963,X19597,NA
X19965,X19964,NA
X19966,X19964,NA
X19967,X17307,NA
X19968,X19778,NA
X19969,X19778,NA
X19972,X19971,X11945
X19976,X11226,X17048
X19981,X12009,NA
X19982,X32456,NA
X19984,X19256,X33058
X19987,X12725,NA
X19989,X12185,NA
X32006,X19389,X19889
X32007,X33149,NA
X32012,X11201,X12607
X32013,X19627,X12335
X32016,X12663,NA
X32019,X12481,X12680
X32022,X12639,X33207
X32023,X12624,X03387
X32026,X12633,X19245
X32028,X19256,X33362
X32029,X19256,X33362
X32033,X12377,X12678
X32038,X32037,NA
X32040,X32039,NA
X32041,X32039,NA
X32399,X17289,NA
X32400,X10904,NA
X32405,X32404,NA
X32406,X32404,NA
X32422,X19406,X10081
X32423,X19406,X10081
X32425,X32424,X10954
X32426,X09345,X12792
X32436,X12633,X03429
X32441,X10670,X10535
X32442,X10670,X10535
X32443,X10927,X11105
X32444,X12383,NA
X32445,X10927,NA
X32454,X32453,X12362
X32455,X32453,X12362
X32463,X10904,X03335
X32465,X11040,NA
X32466,X11040,NA
X32468,X12213,X12011
X32469,X12213,X12011
X32471,X12050,NA
X32472,X12050,NA
X32474,X11640,NA
X32475,X11640,NA
X32476,X11640,NA
X32477,X10491,NA
X32481,X11178,X11213
X32490,X19468,NA
X32491,X12067,NA
X32494,X17007,NA
X32495,X17007,NA
X32896,X11638,NA
X32897,X19939,NA
X32898,X19939,NA
X32955,X09032,X11213
X32960,X03486,X17004
X32961,X19578,NA
X32962,X19578,NA
X32965,X19465,NA
X32966,X12185,X17004
X32969,X11940,NA
X32970,X10073,X17163
X32972,NA,X03480
X32988,X19271,NA
X33003,X12003,NA
X33004,X12003,NA
X33005,X12003,NA
X33009,X32404,NA
X33010,X12492,X19738
X33011,X12492,X19738
X33013,X12492,NA
X33015,X12611,NA
X33016,X12611,X16236
X33017,X12468,NA
X33018,X12468,NA
X33019,X33154,X17385
X33020,X33154,X17385
X33027,X11477,X17312
X33028,X11477,X17312
X33039,X11625,X19738
X33049,X12289,NA
X33050,X12770,X19238
X33051,X12770,X19238
X33056,X12317,NA
X33061,X11226,NA
X33065,X33064,NA
X33067,X11005,X33277
X33069,X12502,X33465
X33104,X12502,X10903
X33107,X11638,NA
X33108,X11638,NA
X33109,X12050,NA
X33114,X09337,X10857
X33116,X12553,NA
X33117,X17760,X11326
X33121,X12746,X03394
X33126,X12370,NA
X33130,X10928,X11694
X33131,X10928,X11694
X33132,X11074,X10229
X33137,X03420,X03353
X33144,X17020,X19847
X33159,X12008,NA
X33160,X12008,NA
X33162,X33161,NA
X33163,X33161,NA
X33169,X12213,X33367
X33170,X12213,X33367
X33171,X11477,X03480
X33172,X11477,X03480
X33174,X12317,NA
X33175,X12317,NA
X33183,X03419,X17312
X33184,X03419,X17312
X33185,X12770,NA
X33188,X12468,X17104
X33189,X03486,X17004
X33191,X10561,NA
X33192,X10561,NA
X33195,X09472,NA
X33200,X12242,NA
X33206,X12003,NA
X33214,X19778,NA
X33215,X19778,NA
X33216,X19351,NA
X33217,X12553,X11961
X33218,X12553,X11961
X33221,X17335,NA
X33222,X05683,NA
X33223,X05683,NA
X33226,X12753,X19279
X33227,X12753,X19279
X33230,X12788,X19206
X33231,X12788,X19206
X33232,X19236,X33111
X33239,X33238,NA
X33243,X03459,NA
X33244,X03459,NA
X33246,X10676,X12214
X33250,X11770,X12214
X33251,X11995,X12442
X33256,X19250,X17214
X33257,X17327,X12475
X33260,X11578,NA
X33267,NA,X10857
X33271,X17160,NA
X33280,NA,X03399
X33282,X19236,X11326
X33291,X33330,X10513
X33293,X12746,NA
X33294,X12746,NA
X33296,X09234,NA
X33305,X12001,NA
X33307,X05659,X19847
X33308,X12208,X11213
X33312,X12535,X19789
X33317,X12213,X19203
X33318,X12497,X12606
X33319,X12789,NA
X33322,X11940,X10986
X33325,X11499,X12214
X33327,X33326,NA
X33328,X17161,X11213
X33331,X33330,NA
X33332,X33330,NA
X33339,X32447,X17123
X33340,X32447,X17123
X33342,X19271,NA
X33343,X19271,NA
X33345,X12213,X10033
X33348,X19389,X12462
X33349,X19389,X12462
X33350,X17399,X12680
X33370,X11940,NA
X33375,X12067,X10081
X33378,X12469,X19247
X33381,X19743,NA
X33389,X32453,X12678
X33397,X12492,X19738
X33401,X19272,NA
X33409,X19160,X17279
X33410,X12443,X17032
X33411,X11178,NA
X33412,X12469,NA
X33415,X12553,X12462
X33416,X12553,X12462
X33417,X12553,X12462
X33419,X12492,X17211
X33421,X19327,X17085
X33422,X19327,X17085
X33424,X12665,NA
X33425,X12317,NA
X33426,X12317,NA
X33430,X12492,X17211
X33434,X11770,X12214
X33439,X12449,X19789
X33440,X12449,X19789
X33443,X19236,X19238
X33444,X19236,X19238
X33445,X10928,X12442
X33448,X11870,NA
X33449,X11870,NA
X33452,X17289,NA
X33458,X19896,X19884
X33462,X19733,X10956
X33467,X12008,NA
X33468,X12008,NA
X33473,NA,X19477
X33474,X11265,X12461
X33477,NA,X11674
X33480,X12377,NA
X33481,X19465,NA
X33482,X12067,X10081
X33485,X10670,X19212
X33488,X12469,NA
X33506,X10670,NA
X33509,X19160,NA
X33515,X11201,X12607
X33518,X12185,X12461
X33522,X19295,NA
X33523,X19295,NA
X33528,X19272,NA
X33530,X33529,X12697
X33531,X33529,X12697
X33536,X33270,X19238
X33537,X33270,X19238
X33538,X19271,X03482
X33539,X19271,X03482
X33540,X11870,NA
X33541,X11226,X19224
X33554,X12469,NA
X33560,X12051,NA
X33561,X19827,NA
X33566,X19895,NA
X33575,X19597,X19489
X33576,X12263,X17163
X33585,X33586,X32480
X33589,X11995,NA
X33594,X12213,NA
X33595,X19896,X33708
X33597,X11688,NA
X33610,X17049,X11961
X33612,X17049,NA
X33618,X19627,X33609
X33640,X32439,NA
X33641,X32439,NA
X33642,X09234,X12678
X33647,X19895,NA
X33648,X19351,NA
X33649,X12377,X33590
X33650,X12377,X33590
X33658,X33657,NA
X33659,X33657,NA
X33660,X33657,NA
X33664,X19775,X33362
X33665,X19775,X33362
X33668,X19253,NA
X33672,X33673,X17439
X33675,X12067,NA
X33677,X19899,X33383
X33697,X17728,NA
X33700,X32037,NA
X33709,X19256,X03413
X33712,X19578,NA
X33718,X12370,X33058
X33725,NA,X33590
X33731,X19660,NA
X33732,X12790,X11961
X33735,X12468,NA
X33736,X12468,NA
X33745,X33744,NA
X33746,X33744,NA
X33747,X17525,NA
X33748,X17525,NA
X33752,X33031,X33127
X33753,X33031,X33127
X33754,X33031,X33127
X33757,X33311,X33490
X33758,X33311,X33490
X33764,X19464,X32484
X33767,X33766,X17443
X33776,X33499,NA
X33786,X33551,NA
X33791,NA,X19847
X33792,X19735,X19789
X33798,X03397,X11795
X33800,X12119,X10551
X33801,NA,X03480
X33802,X19975,NA
APZ21-14,X33235,X12606
APZ22-15,X33235,X12606
X17546,X03461,NA
X17571,X12790,X12606
X17627,X12633,NA
X10839,X10688,NA
X10840,X10688,NA
X11076,X10688,X04188
X11077,X10688,X04188
X11532,X10688,NA
X11533,X10688,NA
X12140,X10688,NA
X12141,X10688,NA
X12463,X03391,X09739
X12464,X03391,X09739
X12529,X10528,X11740
X12530,X10528,X11740
X12551,X09041,X11458
X12559,X05677,X11458
X17159,X12204,X16220
X17170,X12204,NA
X17206,X17769,X33204
X17251,X12689,X04188
X17294,X10688,X12362
X17295,X17082,X12729
X17329,X03391,NA
X17356,X10926,X11874
X17426,NA,X12614
X17442,X17785,X10986
X17466,X17030,X12230
X17500,X12746,X19644
X17516,X17785,X19144
X17538,X12204,NA
X17548,X33345,X32432
X17565,X17785,X17045
X17570,X33049,X33630
X17582,X33246,X32484
X17588,X33458,NA
X17589,X33049,X33630
X17605,X12624,X19722
X17606,X19796,NA
X17608,X33732,X32480
X17613,X32402,X17370
X17616,X17087,X17467
X17617,X33218,NA
X17623,X33214,NA
x17640,NA,X33595
X17650,X12524,X17056
X17652,X17391,NA
X17653,X17391,NA
X19174,X03439,NA
X19175,X03439,NA
X19357,X12343,NA
X19358,X12343,NA
X19542,X19796,NA
X19573,X19572,NA
X19574,X19572,NA
X19581,X12393,X12766
X19591,X12299,X10819
X19592,X12299,X10819
X19604,X12343,NA
X19605,X12343,NA
X19623,X12205,X12362
X19624,X12205,X12362
X19658,X19657,NA
X19709,X12393,NA
X19710,X12393,NA
X19718,X12627,NA
X19719,X12627,NA
X19754,X11800,NA
X19757,X09032,X19722
X19758,X09032,X19722
X19829,X17030,NA
X19960,X12627,X03394
X19962,X12627,NA
X19983,X11672,X33647
X19985,X19143,NA
X19986,X19143,NA
X19988,X03391,NA
X32004,X19826,X17371
X32009,X12627,X12781
X32010,X17030,NA
X32030,X33291,NA
X32031,X33291,NA
X32034,X32439,X19797
X32035,X32439,X19797
X32036,X19143,X19477
X32044,X17288,X17279
X32391,X33510,X19842
X32392,X33510,X19842
X32393,X12604,NA
X32394,NA,X33312
X32395,NA,X33312
X32417,X12158,NA
X32420,X12147,NA
X32489,X17097,NA
X32497,X11894,X19220
X32499,X12393,X12750
X32890,X33410,X19797
X32893,X32972,NA
X32894,X12604,NA
X32895,X19657,NA
X32953,X33809,X12477
X32971,NA,X19825
X32973,X33591,X32422
X32980,X33288,X32422
X32981,X33288,X32422
X32983,X10688,X12362
X32984,X19946,X33590
X32985,X19946,X33590
X32986,X19946,X33590
X32989,X19271,X33296
X33000,X17185,X19855
X33001,X19946,X12729
X33002,X19946,X12729
X33007,X19778,X19173
X33008,X19778,X19173
X33022,X03439,X12697
X33023,X03439,X12697
X33025,X17024,X17122
X33026,X17024,X17122
X33030,X03439,X12376
X33042,X12383,X11820
X33043,X12383,X11820
X33053,X32463,X19247
X33054,X32463,X19247
X33055,X19798,X19889
X33057,X03439,NA
X33062,X19602,X32415
X33063,X19602,X12606
X33110,X19657,X11519
X33140,X16519,NA
X33141,X16519,NA
X33157,X10516,X17056
X33158,X10516,X17056
X33164,X19602,X19738
X33167,X12343,X03413
X33168,X12343,X03413
X33179,X19319,X10819
X33219,X19723,X33058
X33220,X19723,X33058
X33247,X33246,NA
X33248,X33246,NA
X33249,NA,X12795
X33262,X11870,X12477
X33266,X12116,X12276
X33268,X33267,NA
X33269,X33267,NA
X33284,X17061,X12507
X33285,X17061,X12507
X33286,X19653,NA
X33287,X19653,NA
X33289,X33288,X03478
X33290,X33288,X03478
X33292,X33291,X19682
X33297,X11672,X19195
X33298,X11672,X19195
X33302,X12689,X19210
X33315,X17030,X19900
X33316,X17030,X19900
X33320,X17097,X19144
X33321,X17097,X17439
X33329,X12393,X12750
X33336,X17062,X12276
X33344,X33190,X12613
X33346,X33345,NA
X33347,X33345,NA
X33354,X32490,NA
X33355,X32490,NA
X33372,X12689,NA
X33373,X12689,NA
X33374,X16519,X19884
X33376,X19271,X17132
X33388,X10688,X10909
X33398,X12343,X33046
X33399,X12343,X33046
X33403,X12535,X17056
X33404,X12535,X17056
X33435,X33434,NA
X33436,X33434,NA
X33437,X32463,X17132
X33446,X33445,X32413
X33454,NA,X12614
X33459,X33458,X12694
X33460,X33458,X12694
X33461,NA,X19727
X33470,X12205,NA
X33471,X12205,NA
X33478,X33477,NA
X33484,X12730,X11820
X33487,X33056,NA
X33494,X17288,NA
X33507,X32463,X19144
X33508,X32463,X19144
X33512,X33481,NA
X33513,X33481,NA
X33517,X12489,NA
X33520,X33519,X33397
X33527,X12514,X11874
X33534,X12502,X19682
X33542,X33541,NA
X33543,X33541,NA
X33544,X33541,NA
X33556,X17030,X12230
X33563,X19826,X11213
X33571,X19615,X17137
X33579,X19796,NA
X33581,X33445,NA
X33582,X33445,NA
X33601,X17097,X33526
X33602,X17097,X33526
X33614,X19289,NA
X33621,X19657,NA
X33622,X19657,NA
X33624,X33541,NA
X33625,X33541,NA
X33627,X33412,NA
X33635,X33056,NA
X33638,X17398,NA
X33643,X33800,X33148
X33655,X33654,X33319
X33656,X33654,X33319
X33661,X17551,NA
X33662,X17551,NA
X33666,X33108,NA
X33667,X33108,X17599
X33669,X33668,NA
X33670,X33668,NA
X33671,X33136,X33612
X33674,X32463,NA
X33678,X17598,NA
X33683,X32012,NA
X33692,X12067,X12750
X33693,NA,X17370
X33703,X12611,X33226
X33714,X17097,X33362
X33721,X33720,X32422
X33740,X32465,NA
X33755,X10963,X12750
X33760,X33759,X33200
X33761,X33759,X33200
X33762,X33401,NA
X33763,X33401,NA
X33765,X33764,NA
X33768,X33766,X17171
X33769,X12204,NA
X33771,NA,X19195
X33779,X03495,X12750
X33785,X33551,X32041
X33793,X33791,X19858
X33795,X12611,X33226
X33812,X33506,NA
X33815,X03495,X12276
X33829,X32491,NA
APZ35-15,X12351,X19825
X17544,X17316,X17137
X17643,X17593,NA
X17644,X33452,X33637
X17469,X17295,X03353
X17562,X17565,NA
X17625,X17466,X33287
X17642,X17650,X33523
X19138,X11532,NA
X19139,X11532,NA
X32892,X17466,X19855
X32967,X32966,X19542
X32968,X32966,X19542
X32978,X17565,X19405
X32979,X17565,X19405
X32982,X32983,NA
X33032,X17294,X33135
X33337,X33336,X17032
X33338,X33336,X17032
X33413,X33412,X32953
X33414,X33412,X32953
X33557,X33556,NA
X33558,X33110,NA
X33559,X33110,NA
X33564,X33563,X12606
X33583,X12141,X33036
X33584,X12141,X33036
X33639,X19389,X32489
X33645,X12559,X33127
X33652,X33266,X33200
X33653,X33266,X33200
X33694,X33693,X33560
X33701,X33579,X32962
X33702,X33579,NA
X33713,X33376,NA
X33719,X33563,X17122
X33733,X33732,X17442
X33734,X33732,X17442
X33756,X33755,NA
X33770,X33769,NA
X33772,X33771,X33595
X33775,X32417,NA
X33780,X33779,NA
X33781,X33779,NA
X33794,X33714,NA
X33816,X33815,NA
X33817,X33815,NA
X17630,X17295,NA
X17631,X17295,NA